"","","","","","",""
"","","","","","",""
"LSOA code (2021)","LSOA name (2021)","Health Deprivation and Disability rank - England","Health Deprivation and Disability decile - England","Health Deprivation and Disability rank rebased for London","Health Deprivation and Disability decile rebased for London","Health Deprivation and Disability quintile rebased for London"
"E01004732","Westminster 020B","100","1","1","1","1"
"E01001178","Croydon 015D","620","1","2","1","1"
"E01001687","Greenwich 002A","778","1","3","1","1"
"E01001839","Hackney 023C","1120","1","4","1","1"
"E01035485","Hammersmith and Fulham 001G","1149","1","5","1","1"
"E01002713","Islington 015C","1206","1","6","1","1"
"E01001762","Hackney 017D","1440","1","7","1","1"
"E01003087","Lambeth 031E","1511","1","8","1","1"
"E01001080","Croydon 036C","1558","1","9","1","1"
"E01001729","Hackney 019A","1817","1","10","1","1"
"E01001847","Hackney 018B","1858","1","11","1","1"
"E01001800","Hackney 004C","1878","1","12","1","1"
"E01000902","Camden 012B","1946","1","13","1","1"
"E01002783","Islington 010B","2041","1","14","1","1"
"E01000061","Barking and Dagenham 006C","2089","1","15","1","1"
"E01003318","Lewisham 020B","2159","1","16","1","1"
"E01004248","Tower Hamlets 018C","2170","1","17","1","1"
"E01003487","Newham 033D","2249","1","18","1","1"
"E01001876","Hammersmith and Fulham 001C","2254","1","19","1","1"
"E01003979","Southwark 006E","2265","1","20","1","1"
"E01001894","Hammersmith and Fulham 013B","2272","1","21","1","1"
"E01035682","Tower Hamlets 019G","2338","1","22","1","1"
"E01000891","Camden 007C","2418","1","23","1","1"
"E01035661","Tower Hamlets 002F","2466","1","24","1","1"
"E01004309","Tower Hamlets 015D","2522","1","25","1","1"
"E01000601","Brent 021B","2553","1","26","1","1"
"E01001842","Hackney 023D","2573","1","27","1","1"
"E01003932","Southwark 034B","2625","1","28","1","1"
"E01000853","Camden 029H","2728","1","29","1","1"
"E01001845","Hackney 022E","2754","1","30","1","1"
"E01000890","Camden 007B","2804","1","31","1","1"
"E01001846","Hackney 018A","2855","1","32","1","1"
"E01003290","Lewisham 041E","2880","1","33","1","1"
"E01002907","Kensington and Chelsea 002D","2895","1","34","1","1"
"E01001783","Hackney 026D","2935","1","35","1","1"
"E01003486","Newham 033C","2971","1","36","1","1"
"E01003037","Lambeth 013A","2988","1","37","1","1"
"E01000386","Bexley 028D","3023","1","38","1","1"
"E01001732","Hackney 019C","3103","1","39","1","1"
"E01002736","Islington 005C","3106","1","40","1","1"
"E01002722","Islington 018A","3177","1","41","1","1"
"E01002036","Haringey 002A","3187","1","42","1","1"
"E01004322","Tower Hamlets 017A","3191","1","43","1","1"
"E01001638","Greenwich 038A","3228","1","44","1","1"
"E01004042","Southwark 010D","3235","1","45","1","1"
"E01001821","Hackney 024F","3277","1","46","1","1"
"E01034222","Newham 040A","3321","1","47","1","1"
"E01001824","Hackney 004D","3339","1","48","1","1"
"E01003535","Newham 023A","3359","1","49","1","1"
"E01033703","Hackney 010F","3387","2","50","1","1"
"E01001781","Hackney 026B","3550","2","51","1","1"
"E01003189","Lewisham 034A","3576","2","52","1","1"
"E01001755","Hackney 025D","3597","2","53","1","1"
"E01000743","Bromley 009A","3617","2","54","1","1"
"E01001826","Hackney 004E","3648","2","55","1","1"
"E01004384","Waltham Forest 003A","3684","2","56","1","1"
"E01002071","Haringey 025C","3701","2","57","1","1"
"E01001155","Croydon 010E","3713","2","58","1","1"
"E01001761","Hackney 016F","3728","2","59","1","1"
"E01000431","Bexley 008D","3749","2","60","1","1"
"E01004005","Southwark 023D","3758","2","61","1","1"
"E01001843","Hackney 023E","3773","2","62","1","1"
"E01033086","Haringey 020F","3813","2","63","1","1"
"E01001770","Hackney 010E","3824","2","64","1","1"
"E01001110","Croydon 020D","3842","2","65","1","1"
"E01003197","Lewisham 029E","3904","2","66","1","1"
"E01004088","Sutton 019C","3994","2","67","1","1"
"E01000905","Camden 012D","4006","2","68","1","1"
"E01000433","Bexley 008F","4056","2","69","1","1"
"E01034220","Newham 039D","4077","2","70","1","1"
"E01001181","Croydon 015E","4099","2","71","1","1"
"E01002732","Islington 005A","4107","2","72","1","1"
"E01001340","Ealing 029G","4120","2","73","1","1"
"E01003291","Lewisham 041D","4123","2","74","1","1"
"E01003696","Redbridge 035G","4154","2","75","1","1"
"E01001757","Hackney 016C","4160","2","76","1","1"
"E01002755","Islington 001A","4163","2","77","1","1"
"E01000917","Camden 027C","4167","2","78","1","1"
"E01004298","Tower Hamlets 022A","4288","2","79","1","1"
"E01001840","Hackney 022B","4301","2","80","1","1"
"E01001745","Hackney 016A","4304","2","81","1","1"
"E01001775","Hackney 024C","4325","2","82","1","1"
"E01035665","Tower Hamlets 008F","4333","2","83","1","1"
"E01004198","Tower Hamlets 002B","4364","2","84","1","1"
"E01032512","Westminster 010F","4368","2","85","1","1"
"E01004244","Tower Hamlets 020B","4386","2","86","1","1"
"E01003229","Lewisham 019D","4389","2","87","1","1"
"E01001822","Hackney 029C","4428","2","88","1","1"
"E01000956","Camden 022E","4449","2","89","1","1"
"E01000643","Brent 024D","4479","2","90","1","1"
"E01004231","Tower Hamlets 004D","4485","2","91","1","1"
"E01003275","Lewisham 014C","4540","2","92","1","1"
"E01002786","Islington 010D","4562","2","93","1","1"
"E01001811","Hackney 002D","4581","2","94","1","1"
"E01001655","Greenwich 029C","4598","2","95","1","1"
"E01004260","Tower Hamlets 007B","4603","2","96","1","1"
"E01001356","Ealing 033C","4604","2","97","1","1"
"E01003044","Lambeth 018B","4619","2","98","1","1"
"E01001930","Hammersmith and Fulham 008D","4629","2","99","1","1"
"E01002804","Islington 001D","4648","2","100","1","1"
"E01003303","Lewisham 039C","4679","2","101","1","1"
"E01003321","Lewisham 020C","4749","2","102","1","1"
"E01001827","Hackney 029D","4752","2","103","1","1"
"E01004541","Wandsworth 007D","4770","2","104","1","1"
"E01033486","Islington 011E","4779","2","105","1","1"
"E01033705","Hackney 028D","4780","2","106","1","1"
"E01000105","Barking and Dagenham 014C","4792","2","107","1","1"
"E01001838","Hackney 019E","4832","2","108","1","1"
"E01001801","Hackney 008B","4838","2","109","1","1"
"E01004241","Tower Hamlets 012B","4872","2","110","1","1"
"E01000889","Camden 007A","4876","2","111","1","1"
"E01002773","Islington 004D","4899","2","112","1","1"
"E01004206","Tower Hamlets 013B","4913","2","113","1","1"
"E01000984","Croydon 022F","4923","2","114","1","1"
"E01000434","Bexley 008G","4935","2","115","1","1"
"E01032564","Lewisham 037E","4945","2","116","1","1"
"E01000093","Barking and Dagenham 022B","4959","2","117","1","1"
"E01004746","Westminster 021D","4968","2","118","1","1"
"E01000028","Barking and Dagenham 001B","4979","2","119","1","1"
"E01033598","Westminster 009F","4980","2","120","1","1"
"E01002923","Kingston upon Thames 013A","5001","2","121","1","1"
"E01003337","Lewisham 010B","5007","2","122","1","1"
"E01001776","Hackney 025F","5009","2","123","1","1"
"E01000789","Bromley 032B","5013","2","124","1","1"
"E01000938","Camden 029A","5023","2","125","1","1"
"E01035694","Tower Hamlets 024G","5038","2","126","1","1"
"E01004236","Tower Hamlets 008B","5045","2","127","1","1"
"E01003132","Lambeth 024A","5057","2","128","1","1"
"E01001429","Enfield 030D","5064","2","129","1","1"
"E01001574","Greenwich 008D","5069","2","130","1","1"
"E01001849","Hackney 018D","5073","2","131","1","1"
"E01003041","Lambeth 017C","5081","2","132","1","1"
"E01032744","Ealing 010G","5094","2","133","1","1"
"E01033702","Hackney 028C","5098","2","134","1","1"
"E01002720","Islington 016C","5103","2","135","1","1"
"E01003961","Southwark 012B","5106","2","136","1","1"
"E01000429","Bexley 008B","5146","2","137","1","1"
"E01002763","Islington 007D","5158","2","138","1","1"
"E01002790","Islington 016D","5175","2","139","1","1"
"E01035677","Tower Hamlets 014I","5185","2","140","1","1"
"E01004125","Sutton 001A","5186","2","141","1","1"
"E01001588","Greenwich 012A","5190","2","142","1","1"
"E01001885","Hammersmith and Fulham 015A","5191","2","143","1","1"
"E01004283","Tower Hamlets 016A","5228","2","144","1","1"
"E01001788","Hackney 013C","5239","2","145","1","1"
"E01001654","Greenwich 029B","5253","2","146","1","1"
"E01004740","Westminster 021A","5260","2","147","1","1"
"E01001787","Hackney 013B","5264","2","148","1","1"
"E01003498","Newham 027B","5295","2","149","1","1"
"E01002782","Islington 012E","5300","2","150","1","1"
"E01004334","Waltham Forest 024B","5315","2","151","1","1"
"E01001575","Greenwich 003A","5332","2","152","1","1"
"E01003995","Southwark 014B","5346","2","153","1","1"
"E01002741","Islington 009B","5380","2","154","1","1"
"E01000056","Barking and Dagenham 018C","5383","2","155","1","1"
"E01000744","Bromley 009B","5411","2","156","1","1"
"E01033603","Westminster 009I","5424","2","157","1","1"
"E01002778","Islington 012B","5438","2","158","1","1"
"E01000863","Camden 021A","5443","2","159","1","1"
"E01004035","Southwark 011D","5446","2","160","1","1"
"E01004670","Westminster 009A","5463","2","161","1","1"
"E01001830","Hackney 014C","5491","2","162","1","1"
"E01001726","Hackney 004B","5493","2","163","1","1"
"E01001944","Hammersmith and Fulham 004B","5518","2","164","1","1"
"E01004207","Tower Hamlets 011A","5532","2","165","1","1"
"E01001021","Croydon 044D","5538","2","166","1","1"
"E01004696","Westminster 017D","5542","2","167","1","1"
"E01004622","Wandsworth 024D","5554","2","168","1","1"
"E01003601","Newham 028A","5587","2","169","1","1"
"E01001765","Hackney 010B","5588","2","170","1","1"
"E01002851","Kensington and Chelsea 015D","5618","2","171","1","1"
"E01033713","Hackney 010G","5626","2","172","1","1"
"E01035668","Tower Hamlets 009E","5627","2","173","1","1"
"E01001786","Hackney 013A","5632","2","174","1","1"
"E01001653","Greenwich 029A","5697","2","175","1","1"
"E01002716","Islington 014A","5698","2","176","1","1"
"E01000955","Camden 022D","5713","2","177","1","1"
"E01004665","Westminster 024A","5746","2","178","1","1"
"E01003192","Lewisham 034D","5749","2","179","1","1"
"E01004754","Westminster 010A","5754","2","180","1","1"
"E01001442","Enfield 002A","5761","2","181","1","1"
"E01004302","Tower Hamlets 025C","5771","2","182","1","1"
"E01003253","Lewisham 002E","5786","2","183","1","1"
"E01001056","Croydon 030D","5794","2","184","1","1"
"E01002797","Islington 018B","5797","2","185","1","1"
"E01002725","Islington 022E","5819","2","186","1","1"
"E01001715","Hackney 007A","5820","2","187","1","1"
"E01001760","Hackney 017C","5830","2","188","1","1"
"E01035650","Hackney 031C","5869","2","189","1","1"
"E01001625","Greenwich 025E","5876","2","190","1","1"
"E01004423","Waltham Forest 020D","5887","2","191","1","1"
"E01003196","Lewisham 029D","5895","2","192","1","1"
"E01001701","Greenwich 015C","5912","2","193","1","1"
"E01002038","Haringey 037B","5919","2","194","1","1"
"E01000868","Camden 015D","5928","2","195","1","1"
"E01001780","Hackney 032D","5934","2","196","1","1"
"E01004214","Tower Hamlets 030A","5940","2","197","1","1"
"E01004209","Tower Hamlets 011B","5944","2","198","1","1"
"E01004255","Tower Hamlets 023C","5946","2","199","1","1"
"E01002784","Islington 010C","5947","2","200","1","1"
"E01001705","Greenwich 005A","5949","2","201","1","1"
"E01001841","Hackney 022C","5954","2","202","1","1"
"E01001066","Croydon 034F","5958","2","203","1","1"
"E01003577","Newham 005C","6008","2","204","1","1"
"E01033605","Westminster 009K","6031","2","205","1","1"
"E01001602","Greenwich 031C","6033","2","206","1","1"
"E01033602","Westminster 009H","6036","2","207","1","1"
"E01001171","Croydon 028C","6048","2","208","1","1"
"E01004247","Tower Hamlets 020C","6064","2","209","1","1"
"E01003986","Southwark 011A","6075","2","210","1","1"
"E01004752","Westminster 022D","6082","2","211","1","1"
"E01033735","Greenwich 042D","6093","2","212","1","1"
"E01004679","Westminster 005E","6139","2","213","1","1"
"E01003347","Lewisham 030A","6144","2","214","1","1"
"E01001834","Hackney 014E","6148","2","215","1","1"
"E01001850","Hackney 019F","6157","2","216","1","1"
"E01035684","Tower Hamlets 020E","6172","2","217","1","1"
"E01001920","Hammersmith and Fulham 020A","6175","2","218","1","1"
"E01003576","Newham 002A","6195","2","219","1","1"
"E01001758","Hackney 016D","6197","2","220","1","1"
"E01001115","Croydon 015B","6212","2","221","1","1"
"E01002810","Islington 003F","6214","2","222","1","1"
"E01032569","Croydon 045E","6218","2","223","1","1"
"E01002737","Islington 005D","6219","2","224","1","1"
"E01000901","Camden 007D","6224","2","225","1","1"
"E01004289","Tower Hamlets 016C","6235","2","226","1","1"
"E01002280","Havering 004A","6272","2","227","1","1"
"E01001900","Hammersmith and Fulham 013E","6278","2","228","1","1"
"E01000034","Barking and Dagenham 003A","6293","2","229","1","1"
"E01004268","Tower Hamlets 012E","6295","2","230","1","1"
"E01001414","Enfield 004E","6302","2","231","1","1"
"E01004407","Waltham Forest 013A","6319","2","232","1","1"
"E01004199","Tower Hamlets 002C","6339","2","233","1","1"
"E01000957","Camden 019C","6372","2","234","1","1"
"E01001603","Greenwich 031D","6383","2","235","1","1"
"E01001742","Hackney 008A","6387","2","236","1","1"
"E01002856","Kensington and Chelsea 004E","6401","2","237","1","1"
"E01001079","Croydon 036B","6454","2","238","1","1"
"E01001172","Croydon 028D","6463","2","239","1","1"
"E01004300","Tower Hamlets 022B","6478","2","240","1","1"
"E01032513","Westminster 010G","6482","2","241","1","1"
"E01001809","Hackney 001B","6483","2","242","1","1"
"E01004756","Westminster 006E","6488","2","243","1","1"
"E01001773","Hackney 025E","6489","2","244","1","1"
"E01001820","Hackney 024E","6518","2","245","1","1"
"E01001055","Croydon 032B","6524","2","246","1","1"
"E01004308","Tower Hamlets 015C","6526","2","247","1","1"
"E01004264","Tower Hamlets 010C","6527","2","248","1","1"
"E01000065","Barking and Dagenham 007A","6540","2","249","1","1"
"E01032777","Tower Hamlets 035A","6544","2","250","1","1"
"E01002521","Hillingdon 016C","6545","2","251","1","1"
"E01000941","Camden 029D","6576","2","252","1","1"
"E01004003","Southwark 023B","6577","2","253","1","1"
"E01033938","Brent 027H","6588","2","254","1","1"
"E01002710","Islington 019D","6589","2","255","1","1"
"E01000086","Barking and Dagenham 013F","6594","2","256","1","1"
"E01004628","Wandsworth 022A","6595","2","257","1","1"
"E01034145","Croydon 024G","6597","2","258","1","1"
"E01004235","Tower Hamlets 008A","6624","2","259","1","1"
"E01001884","Hammersmith and Fulham 017E","6631","2","260","1","1"
"E01034479","Barking and Dagenham 021G","6634","2","261","1","1"
"E01003921","Southwark 021C","6636","2","262","1","1"
"E01000934","Camden 020D","6637","2","263","1","1"
"E01034150","Croydon 046D","6645","2","264","1","1"
"E01002751","Islington 005E","6667","2","265","1","1"
"E01002099","Haringey 008A","6681","2","266","1","1"
"E01002870","Kensington and Chelsea 005A","6695","2","267","1","1"
"E01002793","Islington 016F","6697","2","268","1","1"
"E01003256","Lewisham 028A","6711","2","269","1","1"
"E01001911","Hammersmith and Fulham 015D","6713","2","270","1","1"
"E01001791","Hackney 015D","6722","2","271","1","1"
"E01000374","Bexley 019A","6735","2","272","1","1"
"E01003188","Lambeth 009E","6753","3","273","1","1"
"E01004033","Southwark 007C","6755","3","274","1","1"
"E01001740","Hackney 014A","6757","3","275","1","1"
"E01034173","Greenwich 005F","6789","3","276","1","1"
"E01002855","Kensington and Chelsea 001D","6792","3","277","1","1"
"E01000974","Camden 013E","6793","3","278","1","1"
"E01002673","Hounslow 020E","6795","3","279","1","1"
"E01004001","Southwark 026B","6798","3","280","1","1"
"E01003059","Lambeth 011D","6810","3","281","1","1"
"E01001714","Hackney 002A","6811","3","282","1","1"
"E01000932","Camden 013D","6814","3","283","1","1"
"E01004205","Tower Hamlets 013A","6815","3","284","1","1"
"E01003313","Lewisham 027E","6817","3","285","1","1"
"E01001591","Greenwich 012C","6827","3","286","1","1"
"E01001828","Hackney 028B","6839","3","287","1","1"
"E01002904","Kensington and Chelsea 002A","6844","3","288","1","1"
"E01002857","Kensington and Chelsea 001E","6850","3","289","1","1"
"E01002093","Haringey 005B","6859","3","290","1","1"
"E01002843","Kensington and Chelsea 021D","6866","3","291","1","1"
"E01002310","Havering 006B","6869","3","292","1","1"
"E01035648","Hackney 026G","6878","3","293","1","1"
"E01003075","Lambeth 009C","6895","3","294","1","1"
"E01000959","Camden 019E","6902","3","295","1","1"
"E01035660","Tower Hamlets 002E","6912","3","296","1","1"
"E01000526","Brent 025D","6918","3","297","1","1"
"E01004721","Westminster 004D","6924","3","298","1","1"
"E01001424","Enfield 030A","6932","3","299","1","1"
"E01032565","Lewisham 038E","6949","3","300","1","1"
"E01003351","Lewisham 026C","7001","3","301","1","1"
"E01003205","Lewisham 007D","7041","3","302","1","1"
"E01002842","Kensington and Chelsea 021C","7049","3","303","1","1"
"E01003057","Lambeth 017D","7053","3","304","1","1"
"E01002881","Kensington and Chelsea 005E","7079","3","305","1","1"
"E01035669","Tower Hamlets 009F","7087","3","306","1","1"
"E01004083","Sutton 019A","7089","3","307","1","1"
"E01004316","Tower Hamlets 009C","7093","3","308","1","1"
"E01004090","Sutton 021A","7096","3","309","1","1"
"E01003918","Southwark 020D","7098","3","310","1","1"
"E01001631","Greenwich 007B","7100","3","311","1","1"
"E01001699","Greenwich 015B","7103","3","312","1","1"
"E01001806","Hackney 008D","7105","3","313","1","1"
"E01033597","Westminster 023F","7108","3","314","1","1"
"E01003483","Newham 032A","7112","3","315","1","1"
"E01001554","Enfield 037C","7123","3","316","1","1"
"E01004204","Tower Hamlets 005D","7154","3","317","1","1"
"E01002758","Islington 001C","7155","3","318","1","1"
"E01003021","Lambeth 021A","7164","3","319","1","1"
"E01003590","Newham 003D","7168","3","320","1","1"
"E01001719","Hackney 007E","7192","3","321","1","1"
"E01001836","Hackney 022A","7198","3","322","1","1"
"E01000977","Croydon 022C","7199","3","323","1","1"
"E01001764","Hackney 010A","7202","3","324","1","1"
"E01000020","Barking and Dagenham 023B","7212","3","325","1","1"
"E01003377","Merton 012C","7216","3","326","1","1"
"E01000053","Barking and Dagenham 020A","7223","3","327","1","1"
"E01001716","Hackney 007B","7238","3","328","1","1"
"E01002854","Kensington and Chelsea 001C","7239","3","329","1","1"
"E01035680","Tower Hamlets 019E","7243","3","330","1","1"
"E01000954","Camden 022C","7250","3","331","1","1"
"E01001868","Hammersmith and Fulham 012C","7253","3","332","1","1"
"E01002095","Haringey 006D","7256","3","333","1","1"
"E01032765","Tower Hamlets 004F","7265","3","334","1","1"
"E01001051","Croydon 030A","7287","3","335","1","1"
"E01035693","Tower Hamlets 024F","7288","3","336","1","1"
"E01003334","Lewisham 033E","7309","3","337","1","1"
"E01001712","Greenwich 042A","7326","3","338","1","1"
"E01002037","Haringey 002B","7362","3","339","1","1"
"E01000021","Barking and Dagenham 008A","7366","3","340","1","1"
"E01003336","Lewisham 010A","7369","3","341","1","1"
"E01002766","Islington 015E","7372","3","342","1","1"
"E01001730","Hackney 019B","7381","3","343","1","1"
"E01001145","Croydon 008C","7384","3","344","1","1"
"E01004310","Tower Hamlets 015E","7392","3","345","1","1"
"E01000947","Camden 021C","7395","3","346","1","1"
"E01004034","Southwark 007D","7420","3","347","1","1"
"E01002831","Kensington and Chelsea 004C","7422","3","348","1","1"
"E01035681","Tower Hamlets 019F","7430","3","349","1","1"
"E01001629","Greenwich 009A","7431","3","350","1","1"
"E01000730","Bromley 014B","7434","3","351","1","1"
"E01001753","Hackney 025B","7445","3","352","1","1"
"E01001651","Greenwich 019C","7459","3","353","1","1"
"E01003556","Newham 008A","7463","3","354","1","1"
"E01000939","Camden 029B","7466","3","355","1","1"
"E01001249","Ealing 028A","7475","3","356","1","1"
"E01004335","Waltham Forest 027A","7485","3","357","1","1"
"E01000521","Brent 025B","7494","3","358","1","1"
"E01003994","Southwark 012E","7501","3","359","1","1"
"E01004675","Westminster 005B","7502","3","360","1","1"
"E01004237","Tower Hamlets 008C","7507","3","361","1","1"
"E01001364","Ealing 026E","7510","3","362","1","1"
"E01001823","Hackney 001D","7516","3","363","1","1"
"E01035638","Hackney 002G","7523","3","364","1","1"
"E01002730","Islington 007A","7524","3","365","1","1"
"E01001703","Greenwich 011E","7529","3","366","1","1"
"E01000944","Camden 023A","7533","3","367","1","1"
"E01003512","Newham 036B","7536","3","368","1","1"
"E01002811","Islington 001F","7539","3","369","1","1"
"E01001796","Hackney 011E","7542","3","370","1","1"
"E01004028","Southwark 004E","7548","3","371","1","1"
"E01003245","Lewisham 001B","7549","3","372","1","1"
"E01002297","Havering 004D","7551","3","373","1","1"
"E01003338","Lewisham 006A","7557","3","374","1","1"
"E01001437","Enfield 014A","7567","3","375","1","1"
"E01000951","Camden 023E","7571","3","376","1","1"
"E01035695","Tower Hamlets 024H","7575","3","377","1","1"
"E01001899","Hammersmith and Fulham 013D","7581","3","378","1","1"
"E01002282","Havering 004B","7587","3","379","1","1"
"E01002054","Haringey 032B","7596","3","380","1","1"
"E01001250","Ealing 028B","7627","3","381","1","1"
"E01002089","Haringey 013D","7636","3","382","1","1"
"E01001947","Hammersmith and Fulham 021A","7638","3","383","1","1"
"E01003065","Lambeth 031A","7647","3","384","1","1"
"E01002760","Islington 002E","7650","3","385","1","1"
"E01004324","Tower Hamlets 017C","7653","3","386","1","1"
"E01002686","Hounslow 006E","7662","3","387","1","1"
"E01003514","Newham 036C","7669","3","388","1","1"
"E01004256","Tower Hamlets 024C","7672","3","389","1","1"
"E01001802","Hackney 003B","7677","3","390","1","1"
"E01004420","Waltham Forest 020C","7686","3","391","1","1"
"E01002708","Islington 015A","7688","3","392","1","1"
"E01001660","Greenwich 029D","7689","3","393","1","1"
"E01004257","Tower Hamlets 024D","7692","3","394","1","1"
"E01033712","Hackney 023G","7697","3","395","1","1"
"E01000729","Bromley 014A","7701","3","396","1","1"
"E01001562","Enfield 037D","7704","3","397","1","1"
"E01001735","Hackney 019D","7708","3","398","1","1"
"E01003185","Lambeth 007C","7714","3","399","1","1"
"E01000739","Bromley 014E","7724","3","400","1","1"
"E01004290","Tower Hamlets 016D","7736","3","401","1","1"
"E01032782","Tower Hamlets 033D","7760","3","402","1","1"
"E01003977","Southwark 010A","7762","3","403","1","1"
"E01004528","Wandsworth 035D","7764","3","404","1","1"
"E01003506","Newham 034D","7773","3","405","1","1"
"E01003237","Lewisham 037B","7782","3","406","1","1"
"E01003151","Lambeth 026E","7791","3","407","1","1"
"E01032575","Haringey 037D","7793","3","408","1","1"
"E01032583","Southwark 034D","7796","3","409","1","1"
"E01004272","Tower Hamlets 014D","7797","3","410","1","1"
"E01004226","Tower Hamlets 001D","7810","3","411","1","1"
"E01004037","Southwark 010B","7812","3","412","1","1"
"E01000900","Camden 012A","7823","3","413","1","1"
"E01003528","Newham 005A","7839","3","414","1","1"
"E01000922","Camden 007E","7843","3","415","1","1"
"E01001650","Greenwich 019B","7847","3","416","1","1"
"E01003246","Lewisham 002A","7850","3","417","1","1"
"E01034046","Hounslow 031B","7852","3","418","1","1"
"E01004744","Westminster 020D","7853","3","419","1","1"
"E01004222","Tower Hamlets 001A","7861","3","420","1","1"
"E01004068","Southwark 026E","7863","3","421","1","1"
"E01001814","Hackney 001C","7865","3","422","1","1"
"E01001013","Croydon 020B","7868","3","423","1","1"
"E01001833","Hackney 014D","7872","3","424","1","1"
"E01000798","Bromley 009D","7886","3","425","1","1"
"E01002082","Haringey 013A","7887","3","426","1","1"
"E01001790","Hackney 013D","7890","3","427","1","1"
"E01001461","Enfield 027D","7898","3","428","1","1"
"E01002709","Islington 019C","7901","3","429","1","1"
"E01001196","Ealing 015A","7916","3","430","1","1"
"E01001696","Greenwich 011B","7928","3","431","1","1"
"E01001052","Croydon 030B","7941","3","432","1","1"
"E01004263","Tower Hamlets 007C","7944","3","433","1","1"
"E01004023","Southwark 004D","7947","3","434","1","1"
"E01000151","Barnet 026B","7950","3","435","1","1"
"E01000101","Barking and Dagenham 004C","7959","3","436","1","1"
"E01004645","Wandsworth 016E","7968","3","437","1","1"
"E01003973","Southwark 016E","7969","3","438","1","1"
"E01002026","Haringey 016A","7977","3","439","1","1"
"E01034180","Greenwich 035G","7995","3","440","1","1"
"E01000524","Brent 031B","7998","3","441","1","1"
"E01002808","Islington 003D","8001","3","442","1","1"
"E01033791","Bexley 019G","8007","3","443","1","1"
"E01003963","Southwark 016A","8008","3","444","1","1"
"E01000931","Camden 013C","8010","3","445","1","1"
"E01003350","Lewisham 030C","8012","3","446","1","1"
"E01002765","Islington 015D","8022","3","447","1","1"
"E01035692","Tower Hamlets 024E","8031","3","448","1","1"
"E01004089","Sutton 019D","8046","3","449","1","1"
"E01001515","Enfield 015E","8068","3","450","1","1"
"E01003732","Redbridge 032D","8082","3","451","1","1"
"E01004301","Tower Hamlets 025B","8086","3","452","1","1"
"E01001695","Greenwich 011A","8089","3","453","1","1"
"E01004424","Waltham Forest 022B","8092","3","454","1","1"
"E01004757","Westminster 010C","8106","3","455","1","1"
"E01033882","Southwark 022G","8127","3","456","1","1"
"E01004674","Westminster 005A","8132","3","457","1","1"
"E01004223","Tower Hamlets 001B","8142","3","458","1","1"
"E01001114","Croydon 013E","8155","3","459","1","1"
"E01033706","Hackney 033B","8161","3","460","1","1"
"E01000106","Barking and Dagenham 014D","8162","3","461","1","1"
"E01000603","Brent 021D","8168","3","462","1","1"
"E01000051","Barking and Dagenham 021D","8174","3","463","1","1"
"E01033699","Hackney 030A","8177","3","464","1","1"
"E01004677","Westminster 005C","8182","3","465","1","1"
"E01003761","Redbridge 009C","8192","3","466","1","1"
"E01001693","Greenwich 001C","8200","3","467","1","1"
"E01002872","Kensington and Chelsea 005B","8204","3","468","1","1"
"E01034156","Sutton 012G","8209","3","469","1","1"
"E01002840","Kensington and Chelsea 021A","8218","3","470","1","1"
"E01002283","Havering 002D","8219","3","471","1","1"
"E01004615","Wandsworth 034B","8224","3","472","1","1"
"E01001147","Croydon 005A","8241","3","473","1","1"
"E01002694","Islington 019A","8254","3","474","1","1"
"E01002264","Havering 026E","8258","3","475","1","1"
"E01003523","Newham 024A","8260","3","476","1","1"
"E01003538","Newham 029A","8263","3","477","1","1"
"E01033488","Islington 011G","8266","3","478","1","1"
"E01001517","Enfield 006C","8272","3","479","1","1"
"E01004459","Waltham Forest 012D","8276","3","480","1","1"
"E01002715","Islington 019E","8284","3","481","1","1"
"E01000737","Bromley 010D","8285","3","482","1","1"
"E01000952","Camden 022A","8287","3","483","1","1"
"E01001688","Greenwich 002B","8294","3","484","1","1"
"E01004524","Wandsworth 037D","8307","3","485","1","1"
"E01000872","Camden 005B","8312","3","486","1","1"
"E01001815","Hackney 024D","8326","3","487","1","1"
"E01001692","Greenwich 001B","8329","3","488","1","1"
"E01000091","Barking and Dagenham 022A","8338","3","489","1","1"
"E01001857","Hammersmith and Fulham 007D","8340","3","490","1","1"
"E01001819","Hackney 020E","8341","3","491","1","1"
"E01003251","Lewisham 002C","8344","3","492","1","1"
"E01001759","Hackney 016E","8349","3","493","1","1"
"E01000972","Camden 010D","8372","3","494","1","1"
"E01002545","Hillingdon 023C","8373","3","495","1","1"
"E01003379","Merton 018C","8385","3","496","1","1"
"E01000858","Camden 018B","8393","3","497","1","1"
"E01000867","Camden 015C","8402","3","498","1","1"
"E01033599","Westminster 023G","8419","3","499","1","1"
"E01001057","Croydon 030E","8423","3","500","1","1"
"E01002795","Islington 013D","8431","3","501","2","1"
"E01002721","Islington 014C","8436","3","502","2","1"
"E01003829","Richmond upon Thames 020B","8439","3","503","2","1"
"E01001594","Greenwich 014D","8443","3","504","2","1"
"E01032764","Tower Hamlets 004E","8477","3","505","2","1"
"E01000796","Bromley 009C","8485","3","506","2","1"
"E01001012","Croydon 020A","8489","3","507","2","1"
"E01000441","Bexley 007E","8490","3","508","2","1"
"E01003517","Newham 036E","8498","3","509","2","1"
"E01001078","Croydon 032D","8499","3","510","2","1"
"E01004332","Waltham Forest 028F","8505","3","511","2","1"
"E01003611","Newham 041C","8515","3","512","2","1"
"E01004221","Tower Hamlets 036A","8524","3","513","2","1"
"E01003991","Southwark 017C","8526","3","514","2","1"
"E01001468","Enfield 010B","8528","3","515","2","1"
"E01035673","Tower Hamlets 012H","8545","3","516","2","1"
"E01002852","Kensington and Chelsea 001A","8548","3","517","2","1"
"E01000992","Croydon 014A","8553","3","518","2","1"
"E01001579","Greenwich 003E","8560","3","519","2","1"
"E01003295","Lewisham 017D","8566","3","520","2","1"
"E01003553","Newham 009B","8571","3","521","2","1"
"E01004718","Westminster 004A","8580","3","522","2","1"
"E01033322","Lewisham 017F","8582","3","523","2","1"
"E01003508","Newham 031B","8584","3","524","2","1"
"E01001581","Greenwich 016A","8586","3","525","2","1"
"E01002074","Haringey 012A","8596","3","526","2","1"
"E01034190","Greenwich 040C","8601","3","527","2","1"
"E01000928","Camden 003E","8604","3","528","2","1"
"E01004055","Southwark 001E","8606","3","529","2","1"
"E01004044","Southwark 013E","8608","3","530","2","1"
"E01002316","Havering 004F","8611","3","531","2","1"
"E01004288","Tower Hamlets 019D","8619","3","532","2","1"
"E01034149","Croydon 046C","8627","3","533","2","1"
"E01000782","Bromley 001D","8629","3","534","2","1"
"E01001425","Enfield 027B","8632","3","535","2","1"
"E01002243","Havering 013A","8637","3","536","2","1"
"E01002728","Islington 021D","8640","3","537","2","1"
"E01001410","Enfield 005C","8643","3","538","2","1"
"E01004243","Tower Hamlets 020A","8664","3","539","2","1"
"E01033732","Greenwich 041E","8667","3","540","2","1"
"E01035710","Camden 023F","8680","3","541","2","1"
"E01004200","Tower Hamlets 005A","8697","3","542","2","1"
"E01000079","Barking and Dagenham 009E","8703","3","543","2","1"
"E01002800","Islington 018E","8707","3","544","2","1"
"E01000017","Barking and Dagenham 009C","8710","3","545","2","1"
"E01001081","Croydon 036D","8714","3","546","2","1"
"E01033151","Enfield 025G","8718","3","547","2","1"
"E01035640","Hackney 020F","8722","3","548","2","1"
"E01001725","Hackney 004A","8725","3","549","2","1"
"E01002045","Haringey 026B","8733","3","550","2","1"
"E01004274","Tower Hamlets 031A","8734","3","551","2","1"
"E01001722","Hackney 029A","8740","3","552","2","1"
"E01001813","Hackney 002E","8741","3","553","2","1"
"E01000014","Barking and Dagenham 013B","8751","3","554","2","1"
"E01000990","Croydon 045A","8755","3","555","2","1"
"E01000072","Barking and Dagenham 017E","8758","3","556","2","1"
"E01034615","Hillingdon 028G","8779","3","557","2","1"
"E01004267","Tower Hamlets 012D","8782","3","558","2","1"
"E01001698","Greenwich 015A","8787","3","559","2","1"
"E01001483","Enfield 025A","8789","3","560","2","1"
"E01003239","Lewisham 037D","8795","3","561","2","1"
"E01000495","Brent 023C","8797","3","562","2","1"
"E01000428","Bexley 027D","8803","3","563","2","1"
"E01002905","Kensington and Chelsea 002B","8807","3","564","2","1"
"E01002756","Islington 001B","8812","3","565","2","1"
"E01003236","Lewisham 037A","8822","3","566","2","1"
"E01001219","Ealing 029A","8824","3","567","2","1"
"E01033710","Hackney 028E","8843","3","568","2","1"
"E01001427","Enfield 030C","8844","3","569","2","1"
"E01002701","Islington 023A","8851","3","570","2","1"
"E01001717","Hackney 007C","8855","3","571","2","1"
"E01033594","Westminster 015G","8857","3","572","2","1"
"E01003305","Lewisham 003E","8867","3","573","2","1"
"E01001875","Hammersmith and Fulham 001B","8877","3","574","2","1"
"E01001576","Greenwich 003B","8881","3","575","2","1"
"E01001112","Croydon 013C","8883","3","576","2","1"
"E01002368","Havering 028A","8884","3","577","2","1"
"E01002753","Islington 002A","8890","3","578","2","1"
"E01001053","Croydon 032A","8898","3","579","2","1"
"E01003551","Newham 009A","8903","3","580","2","1"
"E01001170","Croydon 047D","8905","3","581","2","1"
"E01002809","Islington 003E","8928","3","582","2","1"
"E01003073","Lambeth 014B","8930","3","583","2","1"
"E01033744","Greenwich 007G","8933","3","584","2","1"
"E01001431","Enfield 033A","8934","3","585","2","1"
"E01003987","Southwark 011B","8940","3","586","2","1"
"E01004570","Wandsworth 023B","8945","3","587","2","1"
"E01033604","Westminster 009J","8946","3","588","2","1"
"E01002807","Islington 001E","8949","3","589","2","1"
"E01035645","Hackney 025J","8950","3","590","2","1"
"E01002094","Haringey 006C","8961","3","591","2","1"
"E01000876","Camden 013B","8962","3","592","2","1"
"E01001661","Greenwich 029E","8963","3","593","2","1"
"E01001513","Enfield 012F","8965","3","594","2","1"
"E01003729","Redbridge 032B","8979","3","595","2","1"
"E01002767","Islington 011D","8980","3","596","2","1"
"E01002802","Islington 020D","8984","3","597","2","1"
"E01000929","Camden 020A","8990","3","598","2","1"
"E01000721","Bromley 019C","8991","3","599","2","1"
"E01004669","Westminster 024B","9002","3","600","2","1"
"E01004719","Westminster 004B","9005","3","601","2","1"
"E01000064","Barking and Dagenham 006E","9008","3","602","2","1"
"E01003980","Southwark 013A","9012","3","603","2","1"
"E01002040","Haringey 002D","9018","3","604","2","1"
"E01001738","Hackney 012C","9020","3","605","2","1"
"E01002880","Kensington and Chelsea 005D","9030","3","606","2","1"
"E01003052","Lambeth 016C","9034","3","607","2","1"
"E01003204","Lewisham 007C","9040","3","608","2","1"
"E01000368","Bexley 010B","9042","3","609","2","1"
"E01001690","Greenwich 001A","9047","3","610","2","1"
"E01035675","Tower Hamlets 014G","9054","3","611","2","1"
"E01004535","Wandsworth 007A","9059","3","612","2","1"
"E01003981","Southwark 006F","9064","3","613","2","1"
"E01000035","Barking and Dagenham 010A","9087","3","614","2","1"
"E01004024","Southwark 011C","9090","3","615","2","1"
"E01001734","Hackney 017B","9096","3","616","2","1"
"E01033700","Hackney 030B","9104","3","617","2","1"
"E01004306","Tower Hamlets 015A","9106","3","618","2","1"
"E01001349","Ealing 006E","9112","3","619","2","1"
"E01003992","Southwark 014A","9116","3","620","2","1"
"E01000908","Camden 001B","9122","3","621","2","1"
"E01001772","Hackney 024A","9125","3","622","2","1"
"E01001529","Enfield 032C","9126","3","623","2","1"
"E01002356","Havering 013C","9144","3","624","2","1"
"E01000016","Barking and Dagenham 009B","9151","3","625","2","1"
"E01001634","Greenwich 009C","9154","3","626","2","1"
"E01003513","Newham 035D","9164","3","627","2","1"
"E01001161","Croydon 003D","9166","3","628","2","1"
"E01000030","Barking and Dagenham 001D","9170","3","629","2","1"
"E01033741","Greenwich 002G","9175","3","630","2","1"
"E01002380","Havering 012E","9177","3","631","2","1"
"E01002906","Kensington and Chelsea 002C","9179","3","632","2","1"
"E01033456","Brent 027F","9186","3","633","2","1"
"E01003310","Lewisham 027B","9195","3","634","2","1"
"E01004456","Waltham Forest 006E","9211","3","635","2","1"
"E01001151","Croydon 005C","9227","3","636","2","1"
"E01003481","Newham 035B","9238","3","637","2","1"
"E01035685","Tower Hamlets 020F","9240","3","638","2","1"
"E01002799","Islington 018D","9246","3","639","2","1"
"E01001825","Hackney 001E","9250","3","640","2","1"
"E01003300","Lewisham 039B","9255","3","641","2","1"
"E01003240","Lewisham 038B","9260","3","642","2","1"
"E01002508","Hillingdon 026E","9266","3","643","2","1"
"E01001860","Hammersmith and Fulham 006B","9270","3","644","2","1"
"E01033871","Southwark 004H","9278","3","645","2","1"
"E01004006","Southwark 023E","9282","3","646","2","1"
"E01002776","Islington 014E","9284","3","647","2","1"
"E01003241","Lewisham 038C","9286","3","648","2","1"
"E01002969","Kingston upon Thames 005B","9291","3","649","2","1"
"E01035664","Tower Hamlets 006E","9308","3","650","2","1"
"E01033341","Lewisham 041C","9310","3","651","2","1"
"E01003183","Lambeth 005E","9312","3","652","2","1"
"E01003081","Lambeth 028C","9314","3","653","2","1"
"E01033745","Greenwich 002I","9319","3","654","2","1"
"E01004747","Westminster 021E","9325","3","655","2","1"
"E01001577","Greenwich 003C","9334","3","656","2","1"
"E01003112","Lambeth 002E","9361","3","657","2","1"
"E01000550","Brent 034B","9369","3","658","2","1"
"E01002606","Hounslow 026C","9371","3","659","2","1"
"E01001804","Hackney 003C","9374","3","660","2","1"
"E01004013","Southwark 019D","9385","3","661","2","1"
"E01000527","Brent 025E","9411","3","662","2","1"
"E01000018","Barking and Dagenham 009D","9416","3","663","2","1"
"E01004464","Waltham Forest 013C","9421","3","664","2","1"
"E01004312","Tower Hamlets 009A","9427","3","665","2","1"
"E01002748","Islington 006C","9429","3","666","2","1"
"E01003266","Lewisham 031C","9434","3","667","2","1"
"E01001957","Hammersmith and Fulham 002B","9439","3","668","2","1"
"E01003108","Lambeth 002B","9444","3","669","2","1"
"E01002702","Islington 023B","9454","3","670","2","1"
"E01001798","Hackney 028A","9458","3","671","2","1"
"E01000401","Bexley 013A","9461","3","672","2","1"
"E01001959","Hammersmith and Fulham 003C","9464","3","673","2","1"
"E01032584","Southwark 034E","9471","3","674","2","1"
"E01000870","Camden 009B","9474","3","675","2","1"
"E01000096","Barking and Dagenham 022D","9479","3","676","2","1"
"E01003097","Lambeth 006A","9484","3","677","2","1"
"E01004323","Tower Hamlets 017B","9500","3","678","2","1"
"E01034206","Newham 033F","9505","3","679","2","1"
"E01003531","Newham 010C","9506","3","680","2","1"
"E01002604","Hounslow 026A","9511","3","681","2","1"
"E01000919","Camden 028D","9513","3","682","2","1"
"E01001141","Croydon 008A","9515","3","683","2","1"
"E01001739","Hackney 012D","9518","3","684","2","1"
"E01000385","Bexley 028C","9522","3","685","2","1"
"E01003235","Lewisham 038A","9524","3","686","2","1"
"E01004004","Southwark 023C","9529","3","687","2","1"
"E01004702","Westminster 009E","9531","3","688","2","1"
"E01004723","Westminster 005F","9532","3","689","2","1"
"E01002712","Islington 015B","9536","3","690","2","1"
"E01001330","Ealing 008D","9542","3","691","2","1"
"E01003593","Newham 027D","9544","3","692","2","1"
"E01035674","Tower Hamlets 014F","9551","3","693","2","1"
"E01000027","Barking and Dagenham 001A","9552","3","694","2","1"
"E01000074","Barking and Dagenham 012C","9558","3","695","2","1"
"E01004040","Southwark 013C","9564","3","696","2","1"
"E01002039","Haringey 002C","9578","3","697","2","1"
"E01004010","Southwark 022D","9588","3","698","2","1"
"E01033737","Greenwich 042B","9596","3","699","2","1"
"E01003335","Lewisham 035E","9603","3","700","2","1"
"E01002413","Hillingdon 022B","9612","3","701","2","1"
"E01000605","Brent 021F","9623","3","702","2","1"
"E01002050","Haringey 029A","9630","3","703","2","1"
"E01003689","Redbridge 039C","9635","3","704","2","1"
"E01000599","Brent 027D","9638","3","705","2","1"
"E01004340","Waltham Forest 027E","9640","3","706","2","1"
"E01034387","Lewisham 001F","9642","3","707","2","1"
"E01003542","Newham 024D","9649","3","708","2","1"
"E01001669","Greenwich 033A","9652","3","709","2","1"
"E01003238","Lewisham 037C","9653","3","710","2","1"
"E01032774","Tower Hamlets 032E","9655","3","711","2","1"
"E01003997","Southwark 017E","9662","3","712","2","1"
"E01003244","Lewisham 001A","9664","3","713","2","1"
"E01001768","Hackney 006D","9667","3","714","2","1"
"E01001812","Hackney 003E","9670","3","715","2","1"
"E01002707","Islington 022B","9673","3","716","2","1"
"E01004011","Southwark 019B","9678","3","717","2","1"
"E01000661","Bromley 026A","9680","3","718","2","1"
"E01004140","Sutton 012B","9681","3","719","2","1"
"E01001747","Hackney 014B","9686","3","720","2","1"
"E01002615","Hounslow 026E","9696","3","721","2","1"
"E01000958","Camden 019D","9720","3","722","2","1"
"E01002528","Hillingdon 028D","9721","3","723","2","1"
"E01000088","Barking and Dagenham 020C","9723","3","724","2","1"
"E01000404","Bexley 004B","9728","3","725","2","1"
"E01002695","Islington 021A","9733","3","726","2","1"
"E01004394","Waltham Forest 017B","9753","3","727","2","1"
"E01001831","Hackney 009D","9776","3","728","2","1"
"E01000915","Camden 027A","9781","3","729","2","1"
"E01001744","Hackney 031A","9798","3","730","2","1"
"E01001169","Croydon 028B","9801","3","731","2","1"
"E01002278","Havering 001B","9809","3","732","2","1"
"E01002503","Hillingdon 027C","9810","3","733","2","1"
"E01003086","Lambeth 031D","9811","3","734","2","1"
"E01004399","Waltham Forest 009B","9818","3","735","2","1"
"E01003540","Newham 029C","9821","3","736","2","1"
"E01032719","Southwark 014G","9822","3","737","2","1"
"E01003516","Newham 032C","9830","3","738","2","1"
"E01003600","Newham 021B","9842","3","739","2","1"
"E01003168","Lambeth 025C","9843","3","740","2","1"
"E01002314","Havering 004E","9844","3","741","2","1"
"E01003735","Redbridge 033C","9860","3","742","2","1"
"E01035652","Islington 007F","9864","3","743","2","1"
"E01001206","Ealing 018C","9865","3","744","2","1"
"E01003623","Newham 023E","9867","3","745","2","1"
"E01003346","Lewisham 026A","9870","3","746","2","1"
"E01003207","Lewisham 005A","9878","3","747","2","1"
"E01004763","Westminster 013B","9881","3","748","2","1"
"E01001388","Ealing 028E","9885","3","749","2","1"
"E01001971","Haringey 001B","9887","3","750","2","1"
"E01001861","Hammersmith and Fulham 006C","9888","3","751","2","1"
"E01001439","Enfield 006A","9892","3","752","2","1"
"E01000783","Bromley 001E","9895","3","753","2","1"
"E01001076","Croydon 036A","9900","3","754","2","1"
"E01001296","Ealing 017C","9911","3","755","2","1"
"E01001545","Enfield 002B","9914","3","756","2","1"
"E01004435","Waltham Forest 023E","9918","3","757","2","1"
"E01032772","Tower Hamlets 032C","9923","3","758","2","1"
"E01003328","Lewisham 035C","9928","3","759","2","1"
"E01000060","Barking and Dagenham 006B","9936","3","760","2","1"
"E01000077","Barking and Dagenham 008F","9937","3","761","2","1"
"E01002623","Hounslow 011C","9939","3","762","2","1"
"E01001186","Croydon 014C","9944","3","763","2","1"
"E01004315","Tower Hamlets 006C","9946","3","764","2","1"
"E01033743","Greenwich 002H","9949","3","765","2","1"
"E01003373","Merton 018A","9952","3","766","2","1"
"E01002067","Haringey 024A","9953","3","767","2","1"
"E01000912","Camden 001D","9955","3","768","2","1"
"E01035683","Tower Hamlets 019H","9962","3","769","2","1"
"E01000098","Barking and Dagenham 023D","9964","3","770","2","1"
"E01001878","Hammersmith and Fulham 001E","9965","3","771","2","1"
"E01034142","Croydon 020G","9976","3","772","2","1"
"E01000102","Barking and Dagenham 007G","9979","3","773","2","1"
"E01003500","Newham 027C","9982","3","774","2","1"
"E01002549","Hillingdon 025B","9984","3","775","2","1"
"E01000596","Brent 021A","9986","3","776","2","1"
"E01001858","Hammersmith and Fulham 006A","10003","3","777","2","1"
"E01004177","Sutton 020C","10004","3","778","2","1"
"E01000923","Camden 003D","10005","3","779","2","1"
"E01003119","Lambeth 032C","10006","3","780","2","1"
"E01033941","Brent 035C","10009","3","781","2","1"
"E01002092","Haringey 006B","10011","3","782","2","1"
"E01003320","Lewisham 018B","10016","3","783","2","1"
"E01004184","Sutton 001C","10021","3","784","2","1"
"E01001746","Hackney 016B","10025","3","785","2","1"
"E01004413","Waltham Forest 004C","10035","3","786","2","1"
"E01002151","Harrow 006D","10037","3","787","2","1"
"E01003243","Lewisham 038D","10051","3","788","2","1"
"E01001789","Hackney 015C","10052","3","789","2","1"
"E01001940","Hammersmith and Fulham 005B","10064","3","790","2","1"
"E01001464","Enfield 027E","10065","3","791","2","1"
"E01001835","Hackney 014F","10068","3","792","2","1"
"E01003598","Newham 021A","10077","3","793","2","1"
"E01033146","Enfield 025F","10078","3","794","2","1"
"E01003503","Newham 030D","10091","3","795","2","1"
"E01002780","Islington 014F","10099","3","796","2","1"
"E01004062","Southwark 025B","10105","3","797","2","1"
"E01001118","Croydon 020E","10112","3","798","2","1"
"E01002073","Haringey 024D","10122","3","799","2","1"
"E01033581","Newham 041A","10124","3","800","2","1"
"E01000007","Barking and Dagenham 015A","10126","3","801","2","1"
"E01002772","Islington 002F","10130","4","802","2","1"
"E01004750","Westminster 023E","10131","4","803","2","1"
"E01000904","Camden 012C","10139","4","804","2","1"
"E01000033","Barking and Dagenham 006A","10143","4","805","2","1"
"E01004404","Waltham Forest 014D","10145","4","806","2","1"
"E01003630","Newham 021C","10153","4","807","2","1"
"E01002561","Hounslow 023E","10157","4","808","2","1"
"E01000861","Camden 019B","10168","4","809","2","1"
"E01004341","Waltham Forest 027F","10191","4","810","2","1"
"E01001203","Ealing 025D","10192","4","811","2","1"
"E01001774","Hackney 024B","10196","4","812","2","1"
"E01004286","Tower Hamlets 019C","10198","4","813","2","1"
"E01034609","Hillingdon 022H","10200","4","814","2","1"
"E01000933","Camden 020C","10202","4","815","2","1"
"E01033587","Barking and Dagenham 021E","10204","4","816","2","1"
"E01004729","Westminster 003E","10206","4","817","2","1"
"E01001130","Croydon 025C","10210","4","818","2","1"
"E01003499","Newham 030A","10211","4","819","2","1"
"E01001551","Enfield 002E","10216","4","820","2","1"
"E01002530","Hillingdon 029D","10235","4","821","2","1"
"E01004007","Southwark 018E","10242","4","822","2","1"
"E01035705","Tower Hamlets 036D","10247","4","823","2","1"
"E01001257","Ealing 008A","10262","4","824","2","1"
"E01004239","Tower Hamlets 008E","10263","4","825","2","1"
"E01000856","Camden 019A","10266","4","826","2","1"
"E01000545","Brent 028A","10268","4","827","2","1"
"E01002932","Kingston upon Thames 006A","10270","4","828","2","1"
"E01002051","Haringey 029B","10279","4","829","2","1"
"E01003049","Lambeth 011C","10284","4","830","2","1"
"E01001750","Hackney 031D","10287","4","831","2","1"
"E01003120","Lambeth 032D","10288","4","832","2","1"
"E01004266","Tower Hamlets 007D","10294","4","833","2","1"
"E01033873","Southwark 009G","10295","4","834","2","1"
"E01003309","Lewisham 027A","10312","4","835","2","1"
"E01004313","Tower Hamlets 009B","10327","4","836","2","1"
"E01001210","Ealing 016A","10330","4","837","2","1"
"E01003557","Newham 006D","10351","4","838","2","1"
"E01001109","Croydon 013B","10360","4","839","2","1"
"E01001795","Hackney 011D","10361","4","840","2","1"
"E01000948","Camden 021D","10370","4","841","2","1"
"E01001980","Haringey 018A","10371","4","842","2","1"
"E01002775","Islington 014D","10375","4","843","2","1"
"E01003191","Lewisham 034C","10376","4","844","2","1"
"E01001621","Greenwich 025B","10387","4","845","2","1"
"E01002081","Haringey 012D","10395","4","846","2","1"
"E01004233","Tower Hamlets 003D","10408","4","847","2","1"
"E01035708","Camden 022F","10413","4","848","2","1"
"E01001702","Greenwich 015D","10417","4","849","2","1"
"E01001152","Croydon 005D","10418","4","850","2","1"
"E01001979","Haringey 011D","10429","4","851","2","1"
"E01034211","Newham 034M","10432","4","852","2","1"
"E01003509","Newham 031C","10444","4","853","2","1"
"E01000509","Brent 014B","10447","4","854","2","1"
"E01002829","Kensington and Chelsea 004A","10450","4","855","2","1"
"E01002065","Haringey 036D","10454","4","856","2","1"
"E01003128","Lambeth 008E","10457","4","857","2","1"
"E01000005","City of London 001E","10458","4","858","2","1"
"E01001447","Enfield 003C","10463","4","859","2","1"
"E01000869","Camden 015E","10467","4","860","2","1"
"E01001218","Ealing 012A","10478","4","861","2","1"
"E01001704","Greenwich 011F","10487","4","862","2","1"
"E01004014","Southwark 019E","10488","4","863","2","1"
"E01001177","Croydon 016C","10511","4","864","2","1"
"E01000336","Bexley 003C","10512","4","865","2","1"
"E01035697","Tower Hamlets 026F","10516","4","866","2","1"
"E01002768","Islington 004A","10517","4","867","2","1"
"E01001977","Haringey 011B","10518","4","868","2","1"
"E01033932","Brent 009G","10519","4","869","2","1"
"E01002878","Kensington and Chelsea 003C","10525","4","870","2","1"
"E01001896","Hammersmith and Fulham 009B","10529","4","871","2","1"
"E01003558","Newham 008B","10537","4","872","2","1"
"E01002145","Harrow 005E","10548","4","873","2","1"
"E01000054","Barking and Dagenham 018A","10556","4","874","2","1"
"E01001862","Hammersmith and Fulham 005A","10557","4","875","2","1"
"E01003048","Lambeth 009B","10562","4","876","2","1"
"E01000528","Brent 025F","10564","4","877","2","1"
"E01001320","Ealing 003E","10576","4","878","2","1"
"E01000084","Barking and Dagenham 013D","10579","4","879","2","1"
"E01035676","Tower Hamlets 014H","10593","4","880","2","1"
"E01002053","Haringey 032A","10594","4","881","2","1"
"E01001710","Greenwich 005D","10595","4","882","2","1"
"E01001943","Hammersmith and Fulham 004A","10598","4","883","2","1"
"E01000373","Bexley 008A","10599","4","884","2","1"
"E01000866","Camden 009A","10604","4","885","2","1"
"E01033491","Islington 011H","10607","4","886","2","1"
"E01002098","Haringey 007A","10620","4","887","2","1"
"E01001331","Ealing 009E","10622","4","888","2","1"
"E01003121","Lambeth 006B","10634","4","889","2","1"
"E01000099","Barking and Dagenham 023E","10635","4","890","2","1"
"E01001799","Hackney 003A","10636","4","891","2","1"
"E01004393","Waltham Forest 014B","10655","4","892","2","1"
"E01003990","Southwark 018D","10665","4","893","2","1"
"E01004708","Westminster 006D","10677","4","894","2","1"
"E01033584","Newham 034I","10680","4","895","2","1"
"E01003349","Lewisham 026B","10681","4","896","2","1"
"E01002525","Hillingdon 029B","10683","4","897","2","1"
"E01000097","Barking and Dagenham 023C","10699","4","898","2","1"
"E01003252","Lewisham 002D","10702","4","899","2","1"
"E01034028","Ealing 019F","10704","4","900","2","1"
"E01003070","Lambeth 033E","10709","4","901","2","1"
"E01002770","Islington 004B","10711","4","902","2","1"
"E01003788","Redbridge 029D","10716","4","903","2","1"
"E01000875","Camden 013A","10720","4","904","2","1"
"E01003092","Lambeth 008C","10727","4","905","2","1"
"E01002796","Islington 013E","10728","4","906","2","1"
"E01003030","Lambeth 019D","10731","4","907","2","1"
"E01003947","Southwark 033C","10737","4","908","2","1"
"E01001848","Hackney 018C","10745","4","909","2","1"
"E01003575","Newham 005B","10748","4","910","2","1"
"E01003302","Lewisham 003D","10754","4","911","2","1"
"E01003096","Lambeth 010D","10756","4","912","2","1"
"E01002805","Islington 003B","10763","4","913","2","1"
"E01004449","Waltham Forest 018E","10768","4","914","2","1"
"E01003976","Southwark 036D","10770","4","915","2","1"
"E01000925","Camden 009D","10784","4","916","2","1"
"E01002853","Kensington and Chelsea 001B","10804","4","917","2","1"
"E01004311","Tower Hamlets 006A","10806","4","918","2","1"
"E01033000","Hounslow 025F","10811","4","919","2","1"
"E01002046","Haringey 026C","10812","4","920","2","1"
"E01001324","Ealing 008B","10813","4","921","2","1"
"E01001175","Croydon 011B","10818","4","922","2","1"
"E01001220","Ealing 029B","10821","4","923","2","1"
"E01000080","Barking and Dagenham 007C","10827","4","924","2","1"
"E01000553","Brent 015A","10828","4","925","2","1"
"E01000548","Brent 028D","10833","4","926","2","1"
"E01003319","Lewisham 018A","10834","4","927","2","1"
"E01003220","Lewisham 022C","10838","4","928","2","1"
"E01003975","Southwark 004A","10842","4","929","2","1"
"E01000508","Brent 025A","10857","4","930","2","1"
"E01000121","Barnet 010C","10859","4","931","2","1"
"E01000333","Bexley 003A","10860","4","932","2","1"
"E01001673","Greenwich 006B","10867","4","933","2","1"
"E01033709","Hackney 032B","10876","4","934","2","1"
"E01003942","Southwark 006D","10878","4","935","2","1"
"E01003776","Redbridge 014C","10880","4","936","2","1"
"E01004437","Waltham Forest 021C","10887","4","937","2","1"
"E01002445","Hillingdon 029A","10890","4","938","2","1"
"E01035651","Islington 007E","10903","4","939","2","1"
"E01003391","Merton 014B","10910","4","940","2","1"
"E01003832","Richmond upon Thames 020E","10912","4","941","2","1"
"E01001649","Greenwich 022D","10918","4","942","2","1"
"E01003031","Lambeth 023A","10925","4","943","2","1"
"E01002457","Hillingdon 019E","10927","4","944","2","1"
"E01001620","Greenwich 025A","10938","4","945","2","1"
"E01001332","Ealing 008E","10953","4","946","2","1"
"E01004036","Southwark 007E","10956","4","947","2","1"
"E01002003","Haringey 023C","10958","4","948","2","1"
"E01003592","Newham 022B","10959","4","949","2","1"
"E01001879","Hammersmith and Fulham 019A","10967","4","950","2","1"
"E01003187","Lambeth 007E","10968","4","951","2","1"
"E01002120","Harrow 007B","10970","4","952","2","1"
"E01033455","Brent 031G","10992","4","953","2","1"
"E01001128","Croydon 025B","10996","4","954","2","1"
"E01004060","Southwark 008E","11002","4","955","2","1"
"E01003194","Lewisham 029B","11008","4","956","2","1"
"E01000073","Barking and Dagenham 012B","11011","4","957","2","1"
"E01002846","Kensington and Chelsea 017A","11013","4","958","2","1"
"E01002830","Kensington and Chelsea 004B","11014","4","959","2","1"
"E01001893","Hammersmith and Fulham 013A","11019","4","960","2","1"
"E01003258","Lewisham 028C","11024","4","961","2","1"
"E01000040","Barking and Dagenham 019A","11030","4","962","2","1"
"E01001767","Hackney 010D","11036","4","963","2","1"
"E01001676","Greenwich 033C","11039","4","964","2","1"
"E01001354","Ealing 027E","11043","4","965","2","1"
"E01002041","Haringey 037C","11045","4","966","2","1"
"E01003286","Lewisham 013D","11055","4","967","2","1"
"E01002744","Islington 009D","11062","4","968","2","1"
"E01033945","Haringey 020G","11067","4","969","2","1"
"E01002313","Havering 001D","11069","4","970","2","1"
"E01003430","Merton 019B","11075","4","971","2","1"
"E01003348","Lewisham 030B","11079","4","972","2","1"
"E01000085","Barking and Dagenham 013E","11089","4","973","2","1"
"E01001749","Hackney 020B","11090","4","974","2","1"
"E01001914","Hammersmith and Fulham 014D","11097","4","975","2","1"
"E01003063","Lambeth 033B","11108","4","976","2","1"
"E01033879","Southwark 015G","11113","4","977","2","1"
"E01000800","Bromley 009E","11116","4","978","2","1"
"E01000464","Bexley 002D","11122","4","979","2","1"
"E01002777","Islington 012A","11123","4","980","2","1"
"E01003201","Lewisham 007B","11129","4","981","2","1"
"E01004415","Waltham Forest 004D","11130","4","982","2","1"
"E01004245","Tower Hamlets 018A","11132","4","983","2","1"
"E01003929","Southwark 002B","11134","4","984","2","1"
"E01001941","Hammersmith and Fulham 005C","11142","4","985","2","1"
"E01000907","Camden 001A","11148","4","986","2","1"
"E01001426","Enfield 030B","11153","4","987","2","1"
"E01001624","Greenwich 025D","11163","4","988","2","1"
"E01001035","Croydon 047C","11171","4","989","2","1"
"E01002028","Haringey 010B","11181","4","990","2","1"
"E01003082","Lambeth 031C","11194","4","991","2","1"
"E01001001","Croydon 013A","11203","4","992","2","1"
"E01003055","Lambeth 016D","11204","4","993","2","1"
"E01001645","Greenwich 022A","11205","4","994","2","1"
"E01002787","Islington 010E","11208","4","995","2","1"
"E01004203","Tower Hamlets 005C","11223","4","996","2","1"
"E01000078","Barking and Dagenham 007B","11246","4","997","2","1"
"E01034611","Hillingdon 027H","11253","4","998","2","1"
"E01000008","Barking and Dagenham 015B","11264","4","999","2","1"
"E01000103","Barking and Dagenham 014A","11269","4","1000","2","2"
"E01002404","Hillingdon 024E","11270","4","1001","3","2"
"E01004185","Sutton 001D","11272","4","1002","3","2"
"E01000465","Bexley 002E","11275","4","1003","3","2"
"E01002043","Haringey 026A","11277","4","1004","3","2"
"E01001156","Croydon 001C","11282","4","1005","3","2"
"E01003915","Southwark 024C","11286","4","1006","3","2"
"E01001637","Greenwich 009D","11287","4","1007","3","2"
"E01004251","Tower Hamlets 023A","11290","4","1008","3","2"
"E01003150","Lambeth 032F","11301","4","1009","3","2"
"E01003175","Lambeth 024D","11313","4","1010","3","2"
"E01002281","Havering 002C","11314","4","1011","3","2"
"E01000750","Bromley 036B","11318","4","1012","3","2"
"E01000083","Barking and Dagenham 007F","11320","4","1013","3","2"
"E01001784","Hackney 032A","11327","4","1014","3","2"
"E01003190","Lewisham 034B","11336","4","1015","3","2"
"E01001731","Hackney 017A","11341","4","1016","3","2"
"E01001193","Croydon 014E","11343","4","1017","3","2"
"E01000930","Camden 020B","11350","4","1018","3","2"
"E01004469","Waltham Forest 013D","11354","4","1019","3","2"
"E01003998","Southwark 014D","11355","4","1020","3","2"
"E01001793","Hackney 011B","11358","4","1021","3","2"
"E01004041","Southwark 013D","11366","4","1022","3","2"
"E01000638","Brent 024A","11369","4","1023","3","2"
"E01003920","Southwark 021B","11376","4","1024","3","2"
"E01004043","Southwark 010E","11392","4","1025","3","2"
"E01003631","Newham 020A","11395","4","1026","3","2"
"E01004471","Waltham Forest 013F","11397","4","1027","3","2"
"E01004167","Sutton 005D","11400","4","1028","3","2"
"E01001433","Enfield 007A","11401","4","1029","3","2"
"E01002400","Hillingdon 024A","11402","4","1030","3","2"
"E01003497","Newham 034A","11407","4","1031","3","2"
"E01001229","Ealing 031A","11415","4","1032","3","2"
"E01001955","Hammersmith and Fulham 002A","11422","4","1033","3","2"
"E01004047","Southwark 027B","11431","4","1034","3","2"
"E01004592","Wandsworth 005D","11436","4","1035","3","2"
"E01003022","Lambeth 021B","11437","4","1036","3","2"
"E01001910","Hammersmith and Fulham 014B","11448","4","1037","3","2"
"E01000942","Camden 029C","11449","4","1038","3","2"
"E01002553","Hillingdon 025E","11462","4","1039","3","2"
"E01000626","Brent 010E","11472","4","1040","3","2"
"E01000100","Barking and Dagenham 004B","11474","4","1041","3","2"
"E01003950","Southwark 032B","11476","4","1042","3","2"
"E01003298","Lewisham 039A","11477","4","1043","3","2"
"E01033790","Bexley 008I","11489","4","1044","3","2"
"E01000129","Barnet 024D","11493","4","1045","3","2"
"E01003912","Southwark 019A","11496","4","1046","3","2"
"E01002596","Hounslow 027A","11505","4","1047","3","2"
"E01002392","Hillingdon 020A","11512","4","1048","3","2"
"E01003056","Lambeth 015D","11514","4","1049","3","2"
"E01004045","Southwark 027A","11515","4","1050","3","2"
"E01002723","Islington 022C","11520","4","1051","3","2"
"E01002727","Islington 021C","11524","4","1052","3","2"
"E01003624","Newham 024E","11528","4","1053","3","2"
"E01001686","Greenwich 020E","11533","4","1054","3","2"
"E01003488","Newham 019A","11534","4","1055","3","2"
"E01004398","Waltham Forest 009A","11536","4","1056","3","2"
"E01004000","Southwark 026A","11537","4","1057","3","2"
"E01000052","Barking and Dagenham 019D","11538","4","1058","3","2"
"E01003288","Lewisham 041A","11544","4","1059","3","2"
"E01034184","Greenwich 037F","11545","4","1060","3","2"
"E01001428","Enfield 027C","11547","4","1061","3","2"
"E01003047","Lambeth 011B","11550","4","1062","3","2"
"E01001283","Ealing 016C","11559","4","1063","3","2"
"E01032803","Southwark 036C","11563","4","1064","3","2"
"E01003176","Lambeth 016E","11577","4","1065","3","2"
"E01001633","Greenwich 009B","11578","4","1066","3","2"
"E01004331","Waltham Forest 028E","11587","4","1067","3","2"
"E01000725","Bromley 023B","11589","4","1068","3","2"
"E01034487","Waltham Forest 020H","11599","4","1069","3","2"
"E01033704","Hackney 023F","11613","4","1070","3","2"
"E01003515","Newham 036D","11622","4","1071","3","2"
"E01033485","Brent 031H","11623","4","1072","3","2"
"E01001010","Croydon 019D","11625","4","1073","3","2"
"E01000046","Barking and Dagenham 017D","11626","4","1074","3","2"
"E01002018","Haringey 020D","11660","4","1075","3","2"
"E01035666","Tower Hamlets 008G","11665","4","1076","3","2"
"E01003966","Southwark 015B","11667","4","1077","3","2"
"E01001892","Hammersmith and Fulham 016D","11678","4","1078","3","2"
"E01034139","Croydon 015F","11683","4","1079","3","2"
"E01003993","Southwark 017D","11685","4","1080","3","2"
"E01001042","Croydon 024B","11687","4","1081","3","2"
"E01003304","Lewisham 039D","11694","4","1082","3","2"
"E01003567","Newham 007D","11698","4","1083","3","2"
"E01004240","Tower Hamlets 012A","11705","4","1084","3","2"
"E01034175","Greenwich 034G","11708","4","1085","3","2"
"E01003545","Newham 006A","11712","4","1086","3","2"
"E01001886","Hammersmith and Fulham 016A","11714","4","1087","3","2"
"E01003325","Lewisham 018D","11721","4","1088","3","2"
"E01000641","Brent 024C","11722","4","1089","3","2"
"E01002350","Havering 016B","11726","4","1090","3","2"
"E01003209","Lewisham 005B","11727","4","1091","3","2"
"E01001856","Hammersmith and Fulham 010C","11738","4","1092","3","2"
"E01004326","Tower Hamlets 017D","11740","4","1093","3","2"
"E01000025","Barking and Dagenham 008E","11741","4","1094","3","2"
"E01004008","Southwark 022B","11742","4","1095","3","2"
"E01033734","Greenwich 039B","11744","4","1096","3","2"
"E01003045","Lambeth 011A","11748","4","1097","3","2"
"E01001880","Hammersmith and Fulham 017A","11753","4","1098","3","2"
"E01003105","Lambeth 003B","11760","4","1099","3","2"
"E01033863","Lambeth 003G","11771","4","1100","3","2"
"E01000595","Brent 027A","11773","4","1101","3","2"
"E01000331","Bexley 017E","11775","4","1102","3","2"
"E01033877","Southwark 012I","11777","4","1103","3","2"
"E01001935","Hammersmith and Fulham 023A","11782","4","1104","3","2"
"E01001646","Greenwich 019A","11785","4","1105","3","2"
"E01002669","Hounslow 014B","11787","4","1106","3","2"
"E01001805","Hackney 009B","11794","4","1107","3","2"
"E01000104","Barking and Dagenham 014B","11804","4","1108","3","2"
"E01001912","Hammersmith and Fulham 015E","11809","4","1109","3","2"
"E01032579","Lewisham 039E","11810","4","1110","3","2"
"E01035641","Hackney 020G","11813","4","1111","3","2"
"E01001509","Enfield 014C","11817","4","1112","3","2"
"E01035686","Tower Hamlets 021G","11821","4","1113","3","2"
"E01032769","Tower Hamlets 025F","11822","4","1114","3","2"
"E01000724","Bromley 019D","11824","4","1115","3","2"
"E01002550","Hillingdon 022E","11825","4","1116","3","2"
"E01033148","Enfield 003F","11831","4","1117","3","2"
"E01004287","Tower Hamlets 016B","11837","4","1118","3","2"
"E01001162","Croydon 001D","11842","4","1119","3","2"
"E01004271","Tower Hamlets 014C","11848","4","1120","3","2"
"E01002102","Haringey 007C","11849","4","1121","3","2"
"E01004208","Tower Hamlets 013C","11862","4","1122","3","2"
"E01001816","Hackney 020D","11871","4","1123","3","2"
"E01033100","Wandsworth 039B","11877","4","1124","3","2"
"E01035679","Tower Hamlets 018F","11890","4","1125","3","2"
"E01000405","Bexley 004C","11891","4","1126","3","2"
"E01003933","Southwark 034C","11895","4","1127","3","2"
"E01033729","Greenwich 030E","11902","4","1128","3","2"
"E01001961","Hammersmith and Fulham 002D","11908","4","1129","3","2"
"E01002759","Islington 002D","11914","4","1130","3","2"
"E01003943","Southwark 009C","11921","4","1131","3","2"
"E01000604","Brent 021E","11942","4","1132","3","2"
"E01004569","Wandsworth 023A","11947","4","1133","3","2"
"E01004211","Tower Hamlets 013D","11951","4","1134","3","2"
"E01002247","Havering 017B","11953","4","1135","3","2"
"E01003501","Newham 030B","11955","4","1136","3","2"
"E01002806","Islington 003C","11958","4","1137","3","2"
"E01001082","Croydon 032E","11962","4","1138","3","2"
"E01003113","Lambeth 032A","11963","4","1139","3","2"
"E01001215","Ealing 023C","11969","4","1140","3","2"
"E01032786","Tower Hamlets 010F","11971","4","1141","3","2"
"E01004568","Wandsworth 013A","11984","4","1142","3","2"
"E01001061","Croydon 034D","11991","4","1143","3","2"
"E01004734","Westminster 018A","11995","4","1144","3","2"
"E01003046","Lambeth 009A","12004","4","1145","3","2"
"E01003633","Newham 020C","12022","4","1146","3","2"
"E01003352","Lewisham 030D","12023","4","1147","3","2"
"E01003249","Lewisham 001D","12024","4","1148","3","2"
"E01004249","Tower Hamlets 018D","12027","4","1149","3","2"
"E01001808","Hackney 001A","12036","4","1150","3","2"
"E01033878","Southwark 015F","12041","4","1151","3","2"
"E01004183","Sutton 001B","12043","4","1152","3","2"
"E01002572","Hounslow 007B","12045","4","1153","3","2"
"E01002091","Haringey 006A","12049","4","1154","3","2"
"E01002726","Islington 022F","12061","4","1155","3","2"
"E01001763","Hackney 020C","12063","4","1156","3","2"
"E01000045","Barking and Dagenham 017C","12072","4","1157","3","2"
"E01003622","Newham 023D","12075","4","1158","3","2"
"E01003034","Lambeth 012A","12088","4","1159","3","2"
"E01003636","Newham 020E","12091","4","1160","3","2"
"E01003315","Lewisham 024D","12097","4","1161","3","2"
"E01000050","Barking and Dagenham 019C","12101","4","1162","3","2"
"E01003172","Lambeth 024B","12102","4","1163","3","2"
"E01002131","Harrow 023D","12103","4","1164","3","2"
"E01002096","Haringey 005C","12107","4","1165","3","2"
"E01003248","Lewisham 002B","12113","4","1166","3","2"
"E01003069","Lambeth 033D","12114","4","1167","3","2"
"E01004533","Wandsworth 033B","12128","4","1168","3","2"
"E01002440","Hillingdon 003C","12135","4","1169","3","2"
"E01000735","Bromley 014C","12138","4","1170","3","2"
"E01000042","Barking and Dagenham 017B","12148","4","1171","3","2"
"E01001487","Enfield 023C","12153","4","1172","3","2"
"E01002032","Haringey 010C","12156","4","1173","3","2"
"E01000058","Barking and Dagenham 018D","12163","4","1174","3","2"
"E01001361","Ealing 023E","12178","4","1175","3","2"
"E01001832","Hackney 009E","12185","4","1176","3","2"
"E01003265","Lewisham 031B","12191","4","1177","3","2"
"E01003263","Lewisham 023A","12202","4","1178","3","2"
"E01004259","Tower Hamlets 007A","12206","4","1179","3","2"
"E01002520","Hillingdon 016B","12211","4","1180","3","2"
"E01000403","Bexley 004A","12218","4","1181","3","2"
"E01000935","Camden 020E","12221","4","1182","3","2"
"E01001807","Hackney 003D","12226","4","1183","3","2"
"E01000470","Bexley 002F","12227","4","1184","3","2"
"E01004735","Westminster 018B","12229","4","1185","3","2"
"E01034388","Lewisham 001G","12231","4","1186","3","2"
"E01001978","Haringey 011C","12241","4","1187","3","2"
"E01000926","Camden 009E","12247","4","1188","3","2"
"E01001298","Ealing 017E","12251","4","1189","3","2"
"E01003583","Newham 002D","12252","4","1190","3","2"
"E01003496","Newham 027A","12253","4","1191","3","2"
"E01035658","Tower Hamlets 001F","12255","4","1192","3","2"
"E01034187","Greenwich 039D","12257","4","1193","3","2"
"E01000161","Barnet 015D","12267","4","1194","3","2"
"E01004305","Tower Hamlets 022D","12270","4","1195","3","2"
"E01002608","Hounslow 028A","12295","4","1196","3","2"
"E01001887","Hammersmith and Fulham 016B","12309","4","1197","3","2"
"E01001191","Croydon 008D","12312","4","1198","3","2"
"E01004038","Southwark 010C","12319","4","1199","3","2"
"E01002303","Havering 003B","12321","4","1200","3","2"
"E01003020","Lambeth 016A","12331","4","1201","3","2"
"E01000009","Barking and Dagenham 016B","12333","4","1202","3","2"
"E01003935","Southwark 002D","12337","4","1203","3","2"
"E01034038","Hounslow 017F","12340","4","1204","3","2"
"E01000466","Bexley 001A","12354","4","1205","3","2"
"E01003331","Lewisham 033C","12369","4","1206","3","2"
"E01032568","Bromley 041E","12373","4","1207","3","2"
"E01000980","Croydon 017A","12374","4","1208","3","2"
"E01002055","Haringey 029D","12378","4","1209","3","2"
"E01002066","Haringey 025A","12380","4","1210","3","2"
"E01003111","Lambeth 002D","12392","4","1211","3","2"
"E01003042","Lambeth 013E","12395","4","1212","3","2"
"E01001578","Greenwich 003D","12396","4","1213","3","2"
"E01001938","Hammersmith and Fulham 025D","12403","4","1214","3","2"
"E01004337","Waltham Forest 027B","12410","4","1215","3","2"
"E01001694","Greenwich 001D","12413","4","1216","3","2"
"E01035711","Camden 026E","12414","4","1217","3","2"
"E01004319","Tower Hamlets 021A","12416","4","1218","3","2"
"E01034476","Barking and Dagenham 019G","12418","4","1219","3","2"
"E01003594","Newham 026A","12425","4","1220","3","2"
"E01002548","Hillingdon 025A","12428","4","1221","3","2"
"E01000049","Barking and Dagenham 021C","12430","4","1222","3","2"
"E01033324","Lewisham 008E","12432","4","1223","3","2"
"E01032787","Tower Hamlets 011F","12433","4","1224","3","2"
"E01001756","Hackney 030C","12438","4","1225","3","2"
"E01032639","Southwark 014F","12442","4","1226","3","2"
"E01032783","Tower Hamlets 031G","12444","4","1227","3","2"
"E01034193","Greenwich 041A","12446","4","1228","3","2"
"E01000720","Bromley 019B","12449","4","1229","3","2"
"E01002729","Islington 021E","12452","4","1230","3","2"
"E01004575","Wandsworth 013C","12464","4","1231","3","2"
"E01034148","Croydon 046B","12465","4","1232","3","2"
"E01002699","Islington 017B","12472","4","1233","3","2"
"E01003322","Lewisham 020D","12473","4","1234","3","2"
"E01003093","Lambeth 010B","12479","4","1235","3","2"
"E01000036","Barking and Dagenham 010B","12480","4","1236","3","2"
"E01000312","Barnet 036E","12482","4","1237","3","2"
"E01004409","Waltham Forest 016C","12485","4","1238","3","2"
"E01003214","Lewisham 008D","12487","4","1239","3","2"
"E01003972","Southwark 016D","12491","4","1240","3","2"
"E01001144","Croydon 007E","12502","4","1241","3","2"
"E01002757","Islington 002C","12503","4","1242","3","2"
"E01000024","Barking and Dagenham 008D","12504","4","1243","3","2"
"E01003014","Lambeth 036B","12505","4","1244","3","2"
"E01002527","Hillingdon 031D","12508","4","1245","3","2"
"E01004567","Wandsworth 039A","12511","4","1246","3","2"
"E01001054","Croydon 030C","12513","4","1247","3","2"
"E01003043","Lambeth 018A","12518","4","1248","3","2"
"E01004056","Southwark 008A","12533","4","1249","3","2"
"E01004539","Wandsworth 003A","12546","4","1250","3","2"
"E01000435","Bexley 010E","12552","4","1251","3","2"
"E01032582","Lambeth 036E","12553","4","1252","3","2"
"E01033320","Lewisham 017E","12555","4","1253","3","2"
"E01004141","Sutton 012C","12556","4","1254","3","2"
"E01002068","Haringey 025B","12578","4","1255","3","2"
"E01002034","Haringey 037A","12580","4","1256","3","2"
"E01003101","Lambeth 003A","12603","4","1257","3","2"
"E01000337","Bexley 003D","12606","4","1258","3","2"
"E01003280","Lewisham 016A","12612","4","1259","3","2"
"E01000022","Barking and Dagenham 008B","12624","4","1260","3","2"
"E01004071","Southwark 030D","12628","4","1261","3","2"
"E01034219","Newham 039C","12631","4","1262","3","2"
"E01004630","Wandsworth 022B","12636","4","1263","3","2"
"E01003051","Lambeth 018C","12638","4","1264","3","2"
"E01001921","Hammersmith and Fulham 020B","12644","4","1265","3","2"
"E01000081","Barking and Dagenham 007D","12666","4","1266","3","2"
"E01002056","Haringey 032C","12674","4","1267","3","2"
"E01004304","Tower Hamlets 022C","12709","4","1268","3","2"
"E01002862","Kensington and Chelsea 014E","12712","4","1269","3","2"
"E01004296","Tower Hamlets 026D","12725","4","1270","3","2"
"E01003323","Lewisham 018C","12730","4","1271","3","2"
"E01033593","Westminster 015F","12741","4","1272","3","2"
"E01001333","Ealing 038A","12747","4","1273","3","2"
"E01001958","Hammersmith and Fulham 002C","12759","4","1274","3","2"
"E01000408","Bexley 004D","12763","4","1275","3","2"
"E01001589","Greenwich 012B","12766","4","1276","3","2"
"E01003215","Lewisham 005E","12773","4","1277","3","2"
"E01004030","Southwark 007A","12776","4","1278","3","2"
"E01035709","Camden 022G","12777","4","1279","3","2"
"E01003607","Newham 026D","12783","4","1280","3","2"
"E01004537","Wandsworth 007B","12794","4","1281","3","2"
"E01035662","Tower Hamlets 004H","12799","4","1282","3","2"
"E01001486","Enfield 025C","12808","4","1283","3","2"
"E01034389","Lewisham 001H","12809","4","1284","3","2"
"E01002877","Kensington and Chelsea 003B","12811","4","1285","3","2"
"E01004410","Waltham Forest 013B","12815","4","1286","3","2"
"E01004303","Tower Hamlets 025D","12818","4","1287","3","2"
"E01004228","Tower Hamlets 003A","12821","4","1288","3","2"
"E01002097","Haringey 005D","12822","4","1289","3","2"
"E01003447","Merton 016D","12824","4","1290","3","2"
"E01002552","Hillingdon 025D","12827","4","1291","3","2"
"E01000380","Bexley 010D","12830","4","1292","3","2"
"E01002227","Harrow 003A","12831","4","1293","3","2"
"E01004668","Westminster 023D","12833","4","1294","3","2"
"E01003783","Redbridge 029A","12835","4","1295","3","2"
"E01001684","Greenwich 017C","12837","4","1296","3","2"
"E01001263","Ealing 010D","12841","4","1297","3","2"
"E01001423","Enfield 027A","12855","4","1298","3","2"
"E01003591","Newham 004D","12856","4","1299","3","2"
"E01000533","Brent 031E","12863","4","1300","3","2"
"E01003720","Redbridge 002A","12864","4","1301","3","2"
"E01004574","Wandsworth 013B","12865","4","1302","3","2"
"E01002774","Islington 004E","12867","4","1303","3","2"
"E01004229","Tower Hamlets 004C","12868","4","1304","3","2"
"E01000163","Barnet 022C","12872","4","1305","3","2"
"E01001154","Croydon 006E","12874","4","1306","3","2"
"E01003330","Lewisham 033B","12877","4","1307","3","2"
"E01002519","Hillingdon 022D","12894","4","1308","3","2"
"E01000976","Croydon 022B","12897","4","1309","3","2"
"E01000082","Barking and Dagenham 007E","12902","4","1310","3","2"
"E01001395","Enfield 035B","12903","4","1311","3","2"
"E01003264","Lewisham 031A","12906","4","1312","3","2"
"E01003216","Lewisham 025A","12908","4","1313","3","2"
"E01034209","Newham 034K","12910","4","1314","3","2"
"E01033150","Enfield 003G","12916","4","1315","3","2"
"E01000367","Bexley 010A","12917","4","1316","3","2"
"E01003988","Southwark 018B","12923","4","1317","3","2"
"E01034477","Barking and Dagenham 019H","12924","4","1318","3","2"
"E01003441","Merton 022E","12930","4","1319","3","2"
"E01003091","Lambeth 008B","12944","4","1320","3","2"
"E01003390","Merton 018D","12948","4","1321","3","2"
"E01032770","Tower Hamlets 032B","12954","4","1322","3","2"
"E01001351","Ealing 025E","12966","4","1323","3","2"
"E01033881","Southwark 016F","12976","4","1324","3","2"
"E01003299","Lewisham 003B","12977","4","1325","3","2"
"E01000439","Bexley 007C","12987","4","1326","3","2"
"E01034617","Hillingdon 030G","12991","4","1327","3","2"
"E01003156","Lambeth 023B","12993","4","1328","3","2"
"E01004725","Westminster 003B","12998","4","1329","3","2"
"E01032580","Barking and Dagenham 023F","13001","4","1330","3","2"
"E01034223","Newham 040B","13002","4","1331","3","2"
"E01003602","Newham 026C","13025","4","1332","3","2"
"E01002408","Hillingdon 019A","13037","4","1333","3","2"
"E01002633","Hounslow 005A","13062","4","1334","3","2"
"E01000379","Bexley 019F","13068","4","1335","3","2"
"E01002505","Hillingdon 026D","13071","4","1336","3","2"
"E01000719","Bromley 019A","13072","4","1337","3","2"
"E01002429","Hillingdon 019C","13080","4","1338","3","2"
"E01034200","Newham 012F","13085","4","1339","3","2"
"E01035649","Hackney 026H","13087","4","1340","3","2"
"E01003716","Redbridge 034D","13093","4","1341","3","2"
"E01002211","Harrow 028A","13094","4","1342","3","2"
"E01001166","Croydon 024D","13096","4","1343","3","2"
"E01034600","Harrow 027F","13104","4","1344","3","2"
"E01002402","Hillingdon 024C","13108","4","1345","3","2"
"E01001550","Enfield 006E","13118","4","1346","3","2"
"E01000087","Barking and Dagenham 020B","13119","4","1347","3","2"
"E01001458","Enfield 037A","13123","4","1348","3","2"
"E01003016","Lambeth 036C","13129","4","1349","3","2"
"E01001954","Hammersmith and Fulham 003A","13132","4","1350","3","2"
"E01034192","Greenwich 040E","13137","4","1351","3","2"
"E01033944","Haringey 015F","13142","4","1352","3","2"
"E01034179","Greenwich 035F","13148","4","1353","3","2"
"E01002306","Havering 003D","13155","4","1354","3","2"
"E01002276","Havering 001A","13163","4","1355","3","2"
"E01000381","Bexley 028A","13165","4","1356","3","2"
"E01000055","Barking and Dagenham 018B","13170","4","1357","3","2"
"E01004219","Tower Hamlets 035B","13171","4","1358","3","2"
"E01002375","Havering 028E","13172","4","1359","3","2"
"E01000251","Barnet 002D","13174","4","1360","3","2"
"E01002588","Hounslow 016B","13175","4","1361","3","2"
"E01004584","Wandsworth 003D","13180","4","1362","3","2"
"E01002735","Islington 003A","13183","4","1363","3","2"
"E01000126","Barnet 026A","13188","4","1364","3","2"
"E01003357","Merton 012A","13195","4","1365","3","2"
"E01001037","Croydon 029B","13196","4","1366","3","2"
"E01003089","Lambeth 008A","13197","4","1367","3","2"
"E01002801","Islington 020C","13200","4","1368","3","2"
"E01000019","Barking and Dagenham 023A","13201","4","1369","3","2"
"E01003507","Newham 031A","13219","4","1370","3","2"
"E01004212","Tower Hamlets 011D","13221","4","1371","3","2"
"E01004280","Tower Hamlets 032A","13223","4","1372","3","2"
"E01035704","Tower Hamlets 036C","13225","4","1373","3","2"
"E01002909","Kensington and Chelsea 003E","13253","4","1374","3","2"
"E01003125","Lambeth 006E","13257","4","1375","3","2"
"E01004128","Sutton 002D","13258","4","1376","3","2"
"E01003589","Newham 011E","13260","4","1377","3","2"
"E01000416","Bexley 002A","13261","4","1378","3","2"
"E01004064","Southwark 026D","13271","4","1379","3","2"
"E01000076","Barking and Dagenham 012E","13290","4","1380","3","2"
"E01003145","Lambeth 034D","13309","4","1381","3","2"
"E01003267","Lewisham 031D","13314","4","1382","3","2"
"E01004741","Westminster 024F","13318","4","1383","3","2"
"E01004444","Waltham Forest 017D","13323","4","1384","3","2"
"E01003221","Lewisham 025C","13326","4","1385","3","2"
"E01004571","Wandsworth 023C","13346","4","1386","3","2"
"E01004722","Westminster 004E","13351","4","1387","3","2"
"E01003193","Lewisham 029A","13356","4","1388","3","2"
"E01001485","Enfield 025B","13359","4","1389","3","2"
"E01001205","Ealing 018B","13360","4","1390","3","2"
"E01004428","Waltham Forest 026B","13367","4","1391","3","2"
"E01003725","Redbridge 003C","13370","4","1392","3","2"
"E01001136","Croydon 007A","13372","4","1393","3","2"
"E01003174","Lambeth 024C","13375","4","1394","3","2"
"E01000499","Brent 011B","13382","4","1395","3","2"
"E01002248","Havering 017C","13396","4","1396","3","2"
"E01034042","Hounslow 030A","13404","4","1397","3","2"
"E01002304","Havering 003C","13408","4","1398","3","2"
"E01003726","Redbridge 002D","13422","4","1399","3","2"
"E01000552","Brent 034D","13424","4","1400","3","2"
"E01001700","Greenwich 011D","13429","4","1401","3","2"
"E01003723","Redbridge 002C","13435","4","1402","3","2"
"E01034176","Greenwich 034H","13438","4","1403","3","2"
"E01000506","Brent 014A","13439","4","1404","3","2"
"E01003785","Redbridge 029C","13440","4","1405","3","2"
"E01004327","Waltham Forest 028A","13449","4","1406","3","2"
"E01000143","Barnet 041D","13452","4","1407","3","2"
"E01004493","Wandsworth 019A","13453","4","1408","3","2"
"E01003162","Lambeth 022E","13455","4","1409","3","2"
"E01001409","Enfield 005B","13459","4","1410","3","2"
"E01003094","Lambeth 010C","13460","4","1411","3","2"
"E01004367","Waltham Forest 019D","13469","4","1412","3","2"
"E01002738","Islington 009A","13478","4","1413","3","2"
"E01004364","Waltham Forest 019B","13481","4","1414","3","2"
"E01003550","Newham 001D","13484","4","1415","3","2"
"E01004052","Southwark 024E","13493","4","1416","3","2"
"E01000628","Brent 014F","13494","4","1417","3","2"
"E01002076","Haringey 015B","13498","4","1418","3","2"
"E01001785","Hackney 015B","13507","5","1419","3","2"
"E01003339","Lewisham 006B","13510","5","1420","3","2"
"E01002703","Islington 023C","13512","5","1421","3","2"
"E01004455","Waltham Forest 006D","13514","5","1422","3","2"
"E01003722","Redbridge 002B","13528","5","1423","3","2"
"E01004617","Wandsworth 034D","13538","5","1424","3","2"
"E01004591","Wandsworth 005C","13544","5","1425","3","2"
"E01000820","Bromley 008C","13555","5","1426","3","2"
"E01000785","Bromley 001F","13564","5","1427","3","2"
"E01003066","Lambeth 028B","13572","5","1428","3","2"
"E01002779","Islington 012C","13577","5","1429","3","2"
"E01003911","Southwark 020A","13581","5","1430","3","2"
"E01000063","Barking and Dagenham 004A","13583","5","1431","3","2"
"E01004189","Sutton 001E","13587","5","1432","3","2"
"E01003088","Lambeth 010A","13591","5","1433","3","2"
"E01002033","Haringey 010D","13596","5","1434","3","2"
"E01004187","Sutton 005E","13601","5","1435","3","2"
"E01034152","Croydon 047B","13602","5","1436","3","2"
"E01035656","Islington 020G","13603","5","1437","3","2"
"E01000806","Bromley 009F","13610","5","1438","3","2"
"E01004573","Wandsworth 023D","13616","5","1439","3","2"
"E01004216","Tower Hamlets 030B","13618","5","1440","3","2"
"E01001505","Enfield 012C","13620","5","1441","3","2"
"E01004406","Waltham Forest 016A","13622","5","1442","3","2"
"E01003184","Lambeth 007B","13623","5","1443","3","2"
"E01001794","Hackney 011C","13632","5","1444","3","2"
"E01003135","Lambeth 026C","13637","5","1445","3","2"
"E01000372","Bexley 010C","13639","5","1446","3","2"
"E01003015","Lambeth 002A","13641","5","1447","3","2"
"E01002697","Islington 019B","13644","5","1448","3","2"
"E01002681","Hounslow 014C","13645","5","1449","3","2"
"E01002279","Havering 002B","13647","5","1450","3","2"
"E01003537","Newham 024C","13652","5","1451","3","2"
"E01003480","Newham 033A","13654","5","1452","3","2"
"E01000602","Brent 021C","13656","5","1453","3","2"
"E01000467","Bexley 001B","13666","5","1454","3","2"
"E01001956","Hammersmith and Fulham 003B","13678","5","1455","3","2"
"E01001909","Hammersmith and Fulham 015C","13679","5","1456","3","2"
"E01000013","Barking and Dagenham 013A","13686","5","1457","3","2"
"E01001777","Hackney 033A","13687","5","1458","3","2"
"E01002649","Hounslow 018D","13690","5","1459","3","2"
"E01002605","Hounslow 026B","13696","5","1460","3","2"
"E01035654","Islington 011K","13698","5","1461","3","2"
"E01034488","Waltham Forest 020I","13708","5","1462","3","2"
"E01004467","Waltham Forest 015D","13710","5","1463","3","2"
"E01003257","Lewisham 028B","13711","5","1464","3","2"
"E01003035","Lambeth 012B","13712","5","1465","3","2"
"E01033933","Brent 010G","13715","5","1466","3","2"
"E01003596","Newham 016B","13720","5","1467","3","2"
"E01003293","Lewisham 017B","13725","5","1468","3","2"
"E01004531","Wandsworth 033A","13735","5","1469","3","2"
"E01001683","Greenwich 017B","13738","5","1470","3","2"
"E01000860","Camden 018D","13741","5","1471","3","2"
"E01003552","Newham 016A","13744","5","1472","3","2"
"E01033867","Southwark 002F","13752","5","1473","3","2"
"E01003917","Southwark 020C","13755","5","1474","3","2"
"E01001089","Croydon 004C","13772","5","1475","3","2"
"E01001316","Ealing 003B","13786","5","1476","3","2"
"E01003374","Merton 022A","13788","5","1477","3","2"
"E01003566","Newham 014D","13789","5","1478","3","2"
"E01032567","Greenwich 033D","13800","5","1479","3","2"
"E01000062","Barking and Dagenham 006D","13805","5","1480","3","2"
"E01003431","Merton 019C","13808","5","1481","3","2"
"E01003297","Lewisham 003A","13810","5","1482","3","2"
"E01003578","Newham 003A","13811","5","1483","3","2"
"E01004201","Tower Hamlets 002D","13813","5","1484","3","2"
"E01003308","Lewisham 024B","13817","5","1485","3","2"
"E01004390","Waltham Forest 003E","13819","5","1486","3","2"
"E01001854","Hammersmith and Fulham 007C","13822","5","1487","3","2"
"E01000153","Barnet 026D","13827","5","1488","3","2"
"E01003213","Lewisham 008C","13829","5","1489","3","2"
"E01034177","Greenwich 034I","13831","5","1490","3","2"
"E01004436","Waltham Forest 021B","13839","5","1491","3","2"
"E01002698","Islington 017A","13840","5","1492","3","2"
"E01000998","Croydon 010A","13841","5","1493","3","2"
"E01003938","Southwark 006A","13852","5","1494","3","2"
"E01002002","Haringey 031C","13859","5","1495","3","2"
"E01000011","Barking and Dagenham 016C","13862","5","1496","3","2"
"E01002711","Islington 021B","13870","5","1497","3","2"
"E01002771","Islington 004C","13871","5","1498","3","2"
"E01001092","Croydon 037B","13878","5","1499","3","2"
"E01001462","Enfield 024C","13894","5","1500","3","2"
"E01003616","Newham 012A","13898","5","1501","4","2"
"E01000221","Barnet 039B","13900","5","1502","4","2"
"E01004403","Waltham Forest 009E","13912","5","1503","4","2"
"E01035667","Tower Hamlets 008H","13914","5","1504","4","2"
"E01003179","Lambeth 024E","13915","5","1505","4","2"
"E01004549","Wandsworth 027D","13919","5","1506","4","2"
"E01002734","Islington 005B","13920","5","1507","4","2"
"E01003595","Newham 026B","13924","5","1508","4","2"
"E01035659","Tower Hamlets 001G","13933","5","1509","4","2"
"E01003940","Southwark 006B","13937","5","1510","4","2"
"E01034201","Newham 022E","13944","5","1511","4","2"
"E01002542","Hillingdon 020D","13951","5","1512","4","2"
"E01000551","Brent 034C","13955","5","1513","4","2"
"E01032779","Tower Hamlets 035C","13957","5","1514","4","2"
"E01004470","Waltham Forest 013E","13961","5","1515","4","2"
"E01003211","Lewisham 008B","13966","5","1516","4","2"
"E01000781","Bromley 001C","13967","5","1517","4","2"
"E01001723","Hackney 006A","13971","5","1518","4","2"
"E01034475","Barking and Dagenham 019F","13974","5","1519","4","2"
"E01003177","Lambeth 020D","13980","5","1520","4","2"
"E01004182","Sutton 019E","13997","5","1521","4","2"
"E01003634","Newham 020D","13998","5","1522","4","2"
"E01033914","Barnet 024H","14002","5","1523","4","2"
"E01003143","Lambeth 035D","14003","5","1524","4","2"
"E01004342","Waltham Forest 011A","14022","5","1525","4","2"
"E01032788","Hammersmith and Fulham 023D","14034","5","1526","4","2"
"E01004385","Waltham Forest 003B","14038","5","1527","4","2"
"E01003656","Redbridge 005A","14039","5","1528","4","2"
"E01034473","Barking and Dagenham 015E","14040","5","1529","4","2"
"E01004057","Southwark 008B","14051","5","1530","4","2"
"E01001769","Hackney 006E","14057","5","1531","4","2"
"E01004333","Waltham Forest 024A","14058","5","1532","4","2"
"E01035484","Hammersmith and Fulham 001F","14066","5","1533","4","2"
"E01000544","Brent 034A","14069","5","1534","4","2"
"E01004613","Wandsworth 033D","14074","5","1535","4","2"
"E01035655","Islington 020F","14081","5","1536","4","2"
"E01001318","Ealing 003D","14087","5","1537","4","2"
"E01003695","Redbridge 035F","14090","5","1538","4","2"
"E01002030","Haringey 016C","14092","5","1539","4","2"
"E01003432","Merton 019D","14093","5","1540","4","2"
"E01000911","Camden 003B","14101","5","1541","4","2"
"E01032562","Bromley 040D","14102","5","1542","4","2"
"E01000059","Barking and Dagenham 013C","14108","5","1543","4","2"
"E01034393","Lewisham 040B","14110","5","1544","4","2"
"E01003137","Lambeth 022B","14113","5","1545","4","2"
"E01000132","Barnet 021B","14119","5","1546","4","2"
"E01001116","Croydon 013F","14121","5","1547","4","2"
"E01003050","Lambeth 016B","14122","5","1548","4","2"
"E01001718","Hackney 007D","14130","5","1549","4","2"
"E01001327","Ealing 009B","14131","5","1550","4","2"
"E01002015","Haringey 020C","14138","5","1551","4","2"
"E01001368","Ealing 044D","14141","5","1552","4","2"
"E01001546","Enfield 001C","14142","5","1553","4","2"
"E01000176","Barnet 027A","14146","5","1554","4","2"
"E01003376","Merton 012B","14148","5","1555","4","2"
"E01004172","Sutton 010B","14159","5","1556","4","2"
"E01004388","Waltham Forest 007F","14161","5","1557","4","2"
"E01003661","Redbridge 038A","14167","5","1558","4","2"
"E01000094","Barking and Dagenham 022C","14169","5","1559","4","2"
"E01004126","Sutton 002C","14170","5","1560","4","2"
"E01003224","Lewisham 022E","14179","5","1561","4","2"
"E01001432","Enfield 033B","14190","5","1562","4","2"
"E01003332","Lewisham 033D","14192","5","1563","4","2"
"E01003727","Redbridge 003D","14193","5","1564","4","2"
"E01004230","Tower Hamlets 003B","14206","5","1565","4","2"
"E01003712","Redbridge 010D","14213","5","1566","4","2"
"E01001727","Hackney 006C","14216","5","1567","4","2"
"E01003438","Merton 024A","14218","5","1568","4","2"
"E01000846","Camden 014C","14219","5","1569","4","2"
"E01003599","Newham 022C","14228","5","1570","4","2"
"E01000924","Camden 009C","14240","5","1571","4","2"
"E01001430","Enfield 030E","14251","5","1572","4","2"
"E01003450","Merton 024C","14253","5","1573","4","2"
"E01000769","Bromley 024A","14255","5","1574","4","2"
"E01000095","Barking and Dagenham 018E","14256","5","1575","4","2"
"E01003572","Newham 008E","14260","5","1576","4","2"
"E01001143","Croydon 008B","14271","5","1577","4","2"
"E01000469","Bexley 001D","14281","5","1578","4","2"
"E01002603","Hounslow 025E","14286","5","1579","4","2"
"E01034036","Hounslow 015F","14287","5","1580","4","2"
"E01000483","Brent 009D","14308","5","1581","4","2"
"E01001507","Enfield 012D","14315","5","1582","4","2"
"E01000857","Camden 018A","14316","5","1583","4","2"
"E01000525","Brent 031C","14323","5","1584","4","2"
"E01004046","Southwark 028E","14327","5","1585","4","2"
"E01002315","Havering 006D","14332","5","1586","4","2"
"E01000154","Barnet 026E","14333","5","1587","4","2"
"E01004321","Tower Hamlets 021C","14342","5","1588","4","2"
"E01002894","Kensington and Chelsea 017D","14349","5","1589","4","2"
"E01001239","Ealing 015C","14352","5","1590","4","2"
"E01034144","Croydon 024F","14360","5","1591","4","2"
"E01002529","Hillingdon 029C","14369","5","1592","4","2"
"E01002558","Hounslow 023B","14370","5","1593","4","2"
"E01003228","Lewisham 019C","14372","5","1594","4","2"
"E01000949","Camden 023C","14376","5","1595","4","2"
"E01002307","Havering 003E","14382","5","1596","4","2"
"E01033876","Southwark 012H","14389","5","1597","4","2"
"E01001877","Hammersmith and Fulham 001D","14394","5","1598","4","2"
"E01003793","Redbridge 027D","14402","5","1599","4","2"
"E01000805","Bromley 004E","14403","5","1600","4","2"
"E01002441","Hillingdon 003D","14417","5","1601","4","2"
"E01001582","Greenwich 021B","14420","5","1602","4","2"
"E01003272","Lewisham 014A","14427","5","1603","4","2"
"E01001376","Ealing 040B","14428","5","1604","4","2"
"E01002232","Harrow 011A","14431","5","1605","4","2"
"E01035646","Hackney 026E","14451","5","1606","4","2"
"E01001934","Hammersmith and Fulham 025B","14455","5","1607","4","2"
"E01002610","Hounslow 028C","14458","5","1608","4","2"
"E01003922","Southwark 021D","14463","5","1609","4","2"
"E01001728","Hackney 029B","14465","5","1610","4","2"
"E01003061","Lambeth 011F","14470","5","1611","4","2"
"E01003126","Lambeth 008D","14472","5","1612","4","2"
"E01000089","Barking and Dagenham 020D","14474","5","1613","4","2"
"E01001097","Croydon 037E","14478","5","1614","4","2"
"E01003502","Newham 030C","14483","5","1615","4","2"
"E01000287","Barnet 004B","14485","5","1616","4","2"
"E01000501","Brent 011C","14488","5","1617","4","2"
"E01001358","Ealing 033E","14489","5","1618","4","2"
"E01001864","Hammersmith and Fulham 006E","14493","5","1619","4","2"
"E01032784","Tower Hamlets 004G","14494","5","1620","4","2"
"E01000970","Camden 010B","14497","5","1621","4","2"
"E01000111","Barking and Dagenham 002D","14502","5","1622","4","2"
"E01003926","Southwark 021F","14505","5","1623","4","2"
"E01003983","Southwark 018A","14509","5","1624","4","2"
"E01035698","Tower Hamlets 032F","14511","5","1625","4","2"
"E01002928","Kingston upon Thames 008B","14513","5","1626","4","2"
"E01003586","Newham 003C","14515","5","1627","4","2"
"E01003181","Lambeth 007A","14520","5","1628","4","2"
"E01004049","Southwark 027D","14526","5","1629","4","2"
"E01034199","Newham 012E","14532","5","1630","4","2"
"E01002493","Hillingdon 032E","14534","5","1631","4","2"
"E01004217","Tower Hamlets 030C","14542","5","1632","4","2"
"E01003259","Lewisham 028D","14544","5","1633","4","2"
"E01000556","Brent 015D","14546","5","1634","4","2"
"E01002027","Haringey 010A","14548","5","1635","4","2"
"E01033935","Brent 020F","14552","5","1636","4","2"
"E01033081","Hounslow 031D","14562","5","1637","4","2"
"E01003549","Newham 006C","14564","5","1638","4","2"
"E01004123","Sutton 002A","14571","5","1639","4","2"
"E01001482","Enfield 023B","14584","5","1640","4","2"
"E01003077","Lambeth 014D","14586","5","1641","4","2"
"E01002277","Havering 002A","14590","5","1642","4","2"
"E01000532","Brent 033C","14591","5","1643","4","2"
"E01000522","Brent 025C","14600","5","1644","4","2"
"E01034486","Waltham Forest 014G","14619","5","1645","4","2"
"E01000642","Brent 022D","14621","5","1646","4","2"
"E01002048","Haringey 027D","14625","5","1647","4","2"
"E01033864","Lambeth 004H","14629","5","1648","4","2"
"E01003017","Lambeth 036D","14636","5","1649","4","2"
"E01004755","Westminster 010B","14637","5","1650","4","2"
"E01003519","Newham 032E","14646","5","1651","4","2"
"E01002139","Harrow 006A","14652","5","1652","4","2"
"E01002042","Haringey 027A","14661","5","1653","4","2"
"E01004656","Westminster 014D","14667","5","1654","4","2"
"E01001970","Haringey 004B","14669","5","1655","4","2"
"E01001491","Enfield 023E","14671","5","1656","4","2"
"E01002950","Kingston upon Thames 020E","14681","5","1657","4","2"
"E01000406","Bexley 005C","14686","5","1658","4","2"
"E01001362","Ealing 026C","14692","5","1659","4","2"
"E01001733","Hackney 015A","14696","5","1660","4","2"
"E01001995","Haringey 017D","14707","5","1661","4","2"
"E01000354","Bexley 011B","14714","5","1662","4","2"
"E01000090","Barking and Dagenham 020E","14715","5","1663","4","2"
"E01035703","Tower Hamlets 036B","14717","5","1664","4","2"
"E01033708","Hackney 033C","14727","5","1665","4","2"
"E01003159","Lambeth 022C","14730","5","1666","4","2"
"E01004400","Waltham Forest 009C","14736","5","1667","4","2"
"E01002311","Havering 006C","14739","5","1668","4","2"
"E01003900","Richmond upon Thames 015C","14742","5","1669","4","2"
"E01002486","Hillingdon 028A","14743","5","1670","4","2"
"E01033883","Southwark 022H","14752","5","1671","4","2"
"E01004275","Tower Hamlets 031B","14755","5","1672","4","2"
"E01003223","Lewisham 025D","14756","5","1673","4","2"
"E01003919","Southwark 021A","14764","5","1674","4","2"
"E01002788","Islington 008C","14768","5","1675","4","2"
"E01033880","Southwark 015H","14770","5","1676","4","2"
"E01000044","Barking and Dagenham 016D","14773","5","1677","4","2"
"E01001047","Croydon 047A","14776","5","1678","4","2"
"E01003604","Newham 031D","14782","5","1679","4","2"
"E01003989","Southwark 018C","14789","5","1680","4","2"
"E01001895","Hammersmith and Fulham 009A","14794","5","1681","4","2"
"E01000547","Brent 028C","14804","5","1682","4","2"
"E01002090","Haringey 005A","14810","5","1683","4","2"
"E01035643","Hackney 025H","14813","5","1684","4","2"
"E01000468","Bexley 001C","14814","5","1685","4","2"
"E01000640","Brent 024B","14817","5","1686","4","2"
"E01002733","Islington 007C","14820","5","1687","4","2"
"E01001446","Enfield 001B","14827","5","1688","4","2"
"E01000510","Brent 014C","14829","5","1689","4","2"
"E01001623","Greenwich 025C","14831","5","1690","4","2"
"E01001311","Ealing 001E","14849","5","1691","4","2"
"E01001176","Croydon 011C","14867","5","1692","4","2"
"E01001202","Ealing 025C","14884","5","1693","4","2"
"E01001844","Hackney 022D","14897","5","1694","4","2"
"E01003769","Redbridge 022A","14903","5","1695","4","2"
"E01000195","Barnet 013A","14905","5","1696","4","2"
"E01003180","Lambeth 005D","14912","5","1697","4","2"
"E01003387","Merton 014A","14913","5","1698","4","2"
"E01001671","Greenwich 033B","14921","5","1699","4","2"
"E01001334","Ealing 029C","14925","5","1700","4","2"
"E01003615","Newham 039A","14930","5","1701","4","2"
"E01001449","Enfield 003E","14938","5","1702","4","2"
"E01003079","Lambeth 027A","14948","5","1703","4","2"
"E01003171","Lambeth 020B","14958","5","1704","4","2"
"E01001522","Enfield 019B","14961","5","1705","4","2"
"E01000041","Barking and Dagenham 017A","14966","5","1706","4","2"
"E01000903","Camden 006E","14970","5","1707","4","2"
"E01001635","Greenwich 007D","14971","5","1708","4","2"
"E01003269","Lewisham 023C","14980","5","1709","4","2"
"E01002312","Havering 001C","14984","5","1710","4","2"
"E01003619","Newham 012D","14990","5","1711","4","2"
"E01003178","Lambeth 020E","14994","5","1712","4","2"
"E01000057","Barking and Dagenham 012A","14999","5","1713","4","2"
"E01000167","Barnet 002A","15014","5","1714","4","2"
"E01003415","Merton 017C","15015","5","1715","4","2"
"E01004336","Waltham Forest 026A","15022","5","1716","4","2"
"E01004429","Waltham Forest 026C","15034","5","1717","4","2"
"E01000015","Barking and Dagenham 009A","15037","5","1718","4","2"
"E01002823","Kensington and Chelsea 014B","15040","5","1719","4","2"
"E01034591","Harrow 013F","15042","5","1720","4","2"
"E01001559","Enfield 033F","15048","5","1721","4","2"
"E01001282","Ealing 016B","15049","5","1722","4","2"
"E01003344","Lewisham 010D","15051","5","1723","4","2"
"E01035639","Hackney 002H","15054","5","1724","4","2"
"E01003530","Newham 010B","15058","5","1725","4","2"
"E01002267","Havering 027B","15060","5","1726","4","2"
"E01001508","Enfield 012E","15062","5","1727","4","2"
"E01003062","Lambeth 033A","15063","5","1728","4","2"
"E01002973","Kingston upon Thames 006E","15071","5","1729","4","2"
"E01003479","Newham 035A","15073","5","1730","4","2"
"E01003060","Lambeth 011E","15075","5","1731","4","2"
"E01002814","Kensington and Chelsea 015A","15077","5","1732","4","2"
"E01002352","Havering 016D","15082","5","1733","4","2"
"E01001792","Hackney 011A","15084","5","1734","4","2"
"E01033327","Lewisham 041B","15090","5","1735","4","2"
"E01003164","Lambeth 025A","15099","5","1736","4","2"
"E01032740","City of London 001G","15100","5","1737","4","2"
"E01033786","Havering 017G","15101","5","1738","4","2"
"E01004737","Westminster 024C","15106","5","1739","4","2"
"E01000335","Bexley 003B","15107","5","1740","4","2"
"E01001262","Ealing 010C","15116","5","1741","4","2"
"E01004711","Westminster 002E","15118","5","1742","4","2"
"E01003222","Lewisham 022D","15119","5","1743","4","2"
"E01033601","Westminster 009G","15127","5","1744","4","2"
"E01003146","Lambeth 035E","15129","5","1745","4","2"
"E01000485","Brent 006C","15133","5","1746","4","2"
"E01003345","Lewisham 010E","15138","5","1747","4","2"
"E01000851","Camden 026B","15146","5","1748","4","2"
"E01035663","Tower Hamlets 004I","15148","5","1749","4","2"
"E01002637","Hounslow 005C","15149","5","1750","4","2"
"E01034189","Greenwich 040B","15151","5","1751","4","2"
"E01001737","Hackney 012B","15157","5","1752","4","2"
"E01001720","Hackney 007F","15159","5","1753","4","2"
"E01003826","Richmond upon Thames 023E","15167","5","1754","4","2"
"E01000898","Camden 008E","15172","5","1755","4","2"
"E01001004","Croydon 015A","15180","5","1756","4","2"
"E01033490","Islington 022H","15184","5","1757","4","2"
"E01001008","Croydon 019B","15186","5","1758","4","2"
"E01000075","Barking and Dagenham 012D","15192","5","1759","4","2"
"E01032742","Havering 013F","15194","5","1760","4","2"
"E01004124","Sutton 002B","15197","5","1761","4","2"
"E01003605","Newham 028C","15198","5","1762","4","2"
"E01004590","Wandsworth 005B","15199","5","1763","4","2"
"E01001681","Greenwich 020C","15209","5","1764","4","2"
"E01003914","Southwark 024B","15216","5","1765","4","2"
"E01032785","Tower Hamlets 010E","15221","5","1766","4","2"
"E01002299","Havering 002E","15236","5","1767","4","2"
"E01034182","Greenwich 035I","15237","5","1768","4","2"
"E01034471","Barking and Dagenham 008G","15240","5","1769","4","2"
"E01002848","Kensington and Chelsea 015C","15242","5","1770","4","2"
"E01001595","Greenwich 012D","15243","5","1771","4","2"
"E01004039","Southwark 013B","15249","5","1772","4","2"
"E01003960","Southwark 012A","15250","5","1773","4","2"
"E01002665","Hounslow 016E","15261","5","1774","4","2"
"E01001050","Croydon 023D","15266","5","1775","4","2"
"E01001338","Ealing 029E","15280","5","1776","4","2"
"E01003539","Newham 029B","15285","5","1777","4","2"
"E01033934","Brent 010H","15292","5","1778","4","2"
"E01004753","Westminster 022E","15295","5","1779","4","2"
"E01000627","Brent 014E","15297","5","1780","4","2"
"E01001724","Hackney 006B","15298","5","1781","4","2"
"E01000226","Barnet 018D","15300","5","1782","4","2"
"E01035701","Tower Hamlets 034B","15310","5","1783","4","2"
"E01002781","Islington 012D","15315","5","1784","4","2"
"E01001908","Hammersmith and Fulham 015B","15317","5","1785","4","2"
"E01033874","Southwark 009H","15340","5","1786","4","2"
"E01003354","Lewisham 026D","15341","5","1787","4","2"
"E01004019","Southwark 026C","15343","5","1788","4","2"
"E01035689","Tower Hamlets 021J","15344","5","1789","4","2"
"E01003230","Lewisham 019E","15348","5","1790","4","2"
"E01004440","Waltham Forest 024D","15350","5","1791","4","2"
"E01003203","Lewisham 009D","15356","5","1792","4","2"
"E01035717","Westminster 014H","15366","5","1793","4","2"
"E01003333","Lewisham 035D","15367","5","1794","4","2"
"E01003999","Southwark 014E","15381","5","1795","4","2"
"E01034218","Newham 039B","15383","5","1796","4","2"
"E01034602","Hillingdon 015H","15391","5","1797","4","2"
"E01001192","Croydon 008E","15396","5","1798","4","2"
"E01001040","Croydon 029E","15400","5","1799","4","2"
"E01003541","Newham 029D","15410","5","1800","4","2"
"E01002087","Haringey 019D","15416","5","1801","4","2"
"E01003544","Newham 001B","15420","5","1802","4","2"
"E01001479","Enfield 023A","15434","5","1803","4","2"
"E01034195","Greenwich 041C","15439","5","1804","4","2"
"E01003028","Lambeth 019C","15458","5","1805","4","2"
"E01001286","Ealing 016E","15459","5","1806","4","2"
"E01000430","Bexley 008C","15460","5","1807","4","2"
"E01001445","Enfield 003B","15464","5","1808","4","2"
"E01003277","Lewisham 011B","15468","5","1809","4","2"
"E01004270","Tower Hamlets 014B","15469","5","1810","4","2"
"E01002309","Havering 006A","15470","5","1811","4","2"
"E01004564","Wandsworth 039D","15476","5","1812","4","2"
"E01000498","Brent 010B","15486","5","1813","4","2"
"E01035487","Hammersmith and Fulham 023H","15505","5","1814","4","2"
"E01001448","Enfield 003D","15514","5","1815","4","2"
"E01033586","Newham 040D","15517","5","1816","4","2"
"E01003068","Lambeth 031B","15521","5","1817","4","2"
"E01002798","Islington 018C","15530","5","1818","4","2"
"E01001652","Greenwich 019D","15531","5","1819","4","2"
"E01001953","Hammersmith and Fulham 021F","15536","5","1820","4","2"
"E01001586","Greenwich 016C","15538","5","1821","4","2"
"E01002330","Havering 011E","15542","5","1822","4","2"
"E01000787","Bromley 029C","15551","5","1823","4","2"
"E01001337","Ealing 029D","15556","5","1824","4","2"
"E01002794","Islington 020B","15563","5","1825","4","2"
"E01001548","Enfield 002D","15570","5","1826","4","2"
"E01003588","Newham 011D","15572","5","1827","4","2"
"E01002491","Hillingdon 032D","15575","5","1828","4","2"
"E01001946","Hammersmith and Fulham 004D","15579","5","1829","4","2"
"E01002075","Haringey 015A","15582","5","1830","4","2"
"E01000245","Barnet 032E","15588","5","1831","4","2"
"E01000916","Camden 027B","15597","5","1832","4","2"
"E01002638","Hounslow 005D","15607","5","1833","4","2"
"E01000567","Brent 016A","15610","5","1834","4","2"
"E01004129","Sutton 002E","15612","5","1835","4","2"
"E01003102","Lambeth 004A","15625","5","1836","4","2"
"E01001480","Enfield 024D","15633","5","1837","4","2"
"E01001252","Ealing 030B","15634","5","1838","4","2"
"E01002540","Hillingdon 020C","15638","5","1839","4","2"
"E01001297","Ealing 017D","15640","5","1840","4","2"
"E01004031","Southwark 007B","15641","5","1841","4","2"
"E01035678","Tower Hamlets 018E","15643","5","1842","4","2"
"E01001632","Greenwich 007C","15645","5","1843","4","2"
"E01003342","Lewisham 010C","15646","5","1844","4","2"
"E01003058","Lambeth 015E","15649","5","1845","4","2"
"E01000402","Bexley 005B","15651","5","1846","4","2"
"E01003937","Southwark 009B","15652","5","1847","4","2"
"E01001837","Hackney 023B","15658","5","1848","4","2"
"E01034483","Redbridge 032G","15661","5","1849","4","2"
"E01003536","Newham 023B","15664","5","1850","4","2"
"E01001903","Hammersmith and Fulham 019D","15665","5","1851","4","2"
"E01001185","Croydon 014B","15670","5","1852","4","2"
"E01002444","Hillingdon 031A","15673","5","1853","4","2"
"E01002405","Hillingdon 027A","15684","5","1854","4","2"
"E01001666","Greenwich 041G","15696","5","1855","4","2"
"E01001087","Croydon 003C","15699","5","1856","4","2"
"E01034390","Lewisham 020F","15702","5","1857","4","2"
"E01002423","Hillingdon 018B","15710","5","1858","4","2"
"E01002370","Havering 028C","15712","5","1859","4","2"
"E01035702","Tower Hamlets 034C","15714","5","1860","4","2"
"E01003645","Redbridge 017D","15718","5","1861","4","2"
"E01000502","Brent 011D","15726","5","1862","4","2"
"E01004460","Waltham Forest 011D","15729","5","1863","4","2"
"E01035495","Wandsworth 018F","15730","5","1864","4","2"
"E01001466","Enfield 031C","15738","5","1865","4","2"
"E01003579","Newham 004A","15740","5","1866","4","2"
"E01003024","Lambeth 021D","15741","5","1867","4","2"
"E01001481","Enfield 018C","15743","5","1868","4","2"
"E01003095","Lambeth 012E","15750","5","1869","4","2"
"E01000523","Brent 031A","15758","5","1870","4","2"
"E01001285","Ealing 016D","15759","5","1871","4","2"
"E01000130","Barnet 021A","15762","5","1872","4","2"
"E01032790","Hammersmith and Fulham 023F","15763","5","1873","4","2"
"E01000943","Camden 029F","15771","5","1874","4","2"
"E01003930","Southwark 034A","15773","5","1875","4","2"
"E01001326","Ealing 008C","15786","5","1876","4","2"
"E01004526","Wandsworth 035B","15790","5","1877","4","2"
"E01002393","Hillingdon 020B","15799","5","1878","4","2"
"E01001889","Hammersmith and Fulham 014A","15806","5","1879","4","2"
"E01001246","Ealing 015D","15810","5","1880","4","2"
"E01001294","Ealing 017A","15832","5","1881","4","2"
"E01002933","Kingston upon Thames 004A","15842","5","1882","4","2"
"E01003721","Redbridge 003A","15844","5","1883","4","2"
"E01001418","Enfield 011C","15846","5","1884","4","2"
"E01003324","Lewisham 020E","15853","5","1885","4","2"
"E01003485","Newham 035C","15860","5","1886","4","2"
"E01000927","Camden 007F","15865","5","1887","4","2"
"E01000133","Barnet 021C","15866","5","1888","4","2"
"E01034226","Newham 042C","15868","5","1889","4","2"
"E01000531","Brent 033B","15875","5","1890","4","2"
"E01035657","Tower Hamlets 001E","15880","5","1891","4","2"
"E01033740","Greenwich 002F","15884","5","1892","4","2"
"E01034470","Barking and Dagenham 004G","15892","5","1893","4","2"
"E01035672","Tower Hamlets 012G","15894","5","1894","4","2"
"E01002592","Hounslow 022D","15897","5","1895","4","2"
"E01004720","Westminster 004C","15900","5","1896","4","2"
"E01002562","Hounslow 030D","15906","5","1897","4","2"
"E01033784","Havering 007F","15907","5","1898","4","2"
"E01002411","Hillingdon 022A","15916","5","1899","4","2"
"E01000422","Bexley 002C","15919","5","1900","4","2"
"E01001007","Croydon 016B","15922","5","1901","4","2"
"E01000484","Brent 006B","15934","5","1902","4","2"
"E01002502","Hillingdon 026C","15935","5","1903","4","2"
"E01002284","Havering 004C","15937","5","1904","4","2"
"E01000392","Bexley 016B","15945","5","1905","4","2"
"E01001590","Greenwich 014A","15946","5","1906","4","2"
"E01001697","Greenwich 011C","15950","5","1907","4","2"
"E01002481","Hillingdon 004E","15958","5","1908","4","2"
"E01002100","Haringey 008B","15962","5","1909","4","2"
"E01003389","Merton 013C","15966","5","1910","4","2"
"E01001173","Croydon 028E","15972","5","1911","4","2"
"E01002029","Haringey 016B","15979","5","1912","4","2"
"E01001011","Croydon 019E","15980","5","1913","4","2"
"E01002217","Harrow 028D","15988","5","1914","4","2"
"E01003580","Newham 005D","15989","5","1915","4","2"
"E01001002","Croydon 009F","16001","5","1916","4","2"
"E01002077","Haringey 012B","16005","5","1917","4","2"
"E01033785","Havering 007G","16014","5","1918","4","2"
"E01003090","Lambeth 012D","16021","5","1919","4","2"
"E01000503","Brent 011E","16022","5","1920","4","2"
"E01000107","Barking and Dagenham 010C","16024","5","1921","4","2"
"E01003452","Merton 024E","16036","5","1922","4","2"
"E01002845","Kensington and Chelsea 019B","16038","5","1923","4","2"
"E01003708","Redbridge 008B","16039","5","1924","4","2"
"E01001460","Enfield 024B","16044","5","1925","4","2"
"E01000558","Brent 015F","16048","5","1926","4","2"
"E01003733","Redbridge 032E","16049","5","1927","4","2"
"E01000043","Barking and Dagenham 019B","16054","5","1928","4","2"
"E01002970","Kingston upon Thames 006D","16056","5","1929","4","2"
"E01002564","Hounslow 031E","16064","5","1930","4","2"
"E01001188","Croydon 014D","16067","5","1931","4","2"
"E01000565","Brent 013B","16074","5","1932","4","2"
"E01001607","Greenwich 027B","16086","5","1933","4","2"
"E01034215","Newham 038C","16092","5","1934","4","2"
"E01000964","Camden 016B","16096","5","1935","4","2"
"E01004676","Westminster 006A","16099","5","1936","4","2"
"E01001549","Enfield 006D","16102","5","1937","4","2"
"E01003329","Lewisham 033A","16103","5","1938","4","2"
"E01000728","Bromley 019E","16113","5","1939","4","2"
"E01002595","Hounslow 022E","16115","5","1940","4","2"
"E01003274","Lewisham 014B","16117","5","1941","4","2"
"E01003098","Lambeth 005A","16125","5","1942","4","2"
"E01033926","Enfield 014E","16143","5","1943","4","2"
"E01000360","Bexley 015A","16154","5","1944","4","2"
"E01001389","Ealing 028F","16170","5","1945","4","2"
"E01003133","Lambeth 027C","16175","5","1946","4","2"
"E01003036","Lambeth 012C","16176","5","1947","4","2"
"E01001528","Enfield 032B","16182","5","1948","4","2"
"E01003025","Lambeth 021E","16184","5","1949","4","2"
"E01033727","Greenwich 035B","16188","5","1950","4","2"
"E01002977","Kingston upon Thames 012B","16190","5","1951","4","2"
"E01001187","Croydon 017E","16191","5","1952","4","2"
"E01002397","Hillingdon 021C","16195","5","1953","4","2"
"E01002063","Haringey 036B","16202","5","1954","4","2"
"E01001672","Greenwich 006A","16217","5","1955","4","2"
"E01001599","Greenwich 032B","16218","5","1956","4","2"
"E01002105","Haringey 007D","16221","5","1957","4","2"
"E01003278","Lewisham 011C","16235","5","1958","4","2"
"E01001232","Ealing 031C","16237","5","1959","4","2"
"E01002634","Hounslow 005B","16245","5","1960","4","2"
"E01003210","Lewisham 005C","16257","5","1961","4","2"
"E01000918","Camden 028C","16268","5","1962","4","2"
"E01033739","Greenwich 002E","16269","5","1963","4","2"
"E01035712","Camden 029E","16270","5","1964","4","2"
"E01003122","Lambeth 004D","16276","5","1965","4","2"
"E01003032","Lambeth 017B","16280","5","1966","4","2"
"E01001440","Enfield 012A","16284","5","1967","4","2"
"E01002133","Harrow 027A","16286","5","1968","4","2"
"E01001902","Hammersmith and Fulham 019C","16303","5","1969","4","2"
"E01002899","Kensington and Chelsea 018A","16306","5","1970","4","2"
"E01004065","Southwark 025D","16318","5","1971","4","2"
"E01003584","Newham 003B","16320","5","1972","4","2"
"E01001438","Enfield 007E","16323","5","1973","4","2"
"E01003641","Redbridge 013C","16340","5","1974","4","2"
"E01001942","Hammersmith and Fulham 005D","16343","5","1975","4","2"
"E01034395","Lewisham 040D","16347","5","1976","4","2"
"E01035671","Tower Hamlets 012F","16349","5","1977","4","2"
"E01032566","Bexley 029D","16358","5","1978","4","2"
"E01035699","Tower Hamlets 032G","16369","5","1979","4","2"
"E01003984","Southwark 023A","16370","5","1980","4","2"
"E01003608","Newham 028D","16371","5","1981","4","2"
"E01033742","Greenwich 007F","16379","5","1982","4","2"
"E01004452","Waltham Forest 005E","16380","5","1983","4","2"
"E01000032","Barking and Dagenham 002B","16382","5","1984","4","2"
"E01033787","Havering 017H","16388","5","1985","4","2"
"E01001873","Hammersmith and Fulham 010E","16407","5","1986","4","2"
"E01000973","Camden 010E","16408","5","1987","4","2"
"E01033487","Islington 011F","16410","5","1988","4","2"
"E01003511","Newham 036A","16415","5","1989","4","2"
"E01000961","Camden 017B","16424","5","1990","4","2"
"E01000310","Barnet 034C","16426","5","1991","4","2"
"E01003526","Newham 018E","16439","5","1992","4","2"
"E01002704","Islington 023D","16442","5","1993","4","2"
"E01002319","Havering 016A","16445","5","1994","4","2"
"E01004402","Waltham Forest 009D","16446","5","1995","4","2"
"E01003212","Lewisham 005D","16450","5","1996","4","2"
"E01000741","Bromley 005B","16452","5","1997","4","2"
"E01002531","Hillingdon 029E","16460","5","1998","4","2"
"E01003688","Redbridge 040B","16468","5","1999","4","3"
"E01004295","Tower Hamlets 026C","16476","5","2000","4","3"
"E01002335","Havering 009D","16480","5","2001","5","3"
"E01002964","Kingston upon Thames 005A","16489","5","2002","5","3"
"E01002325","Havering 011C","16493","5","2003","5","3"
"E01002560","Hounslow 023D","16499","5","2004","5","3"
"E01000490","Brent 023A","16503","5","2005","5","3"
"E01000450","Bexley 009E","16504","5","2006","5","3"
"E01000497","Brent 011A","16514","5","2007","5","3"
"E01003099","Lambeth 005B","16515","5","2008","5","3"
"E01004151","Sutton 021D","16530","5","2009","5","3"
"E01004165","Sutton 005C","16538","5","2010","5","3"
"E01003281","Lewisham 016B","16539","5","2011","5","3"
"E01001493","Enfield 026B","16544","5","2012","5","3"
"E01001611","Greenwich 023D","16546","5","2013","5","3"
"E01035696","Tower Hamlets 026E","16549","5","2014","5","3"
"E01003124","Lambeth 006D","16554","5","2015","5","3"
"E01001982","Haringey 018C","16556","5","2016","5","3"
"E01004020","Southwark 029D","16558","5","2017","5","3"
"E01001553","Enfield 037B","16562","5","2018","5","3"
"E01000137","Barnet 041A","16563","5","2019","5","3"
"E01001335","Ealing 038B","16570","5","2020","5","3"
"E01002706","Islington 023E","16571","5","2021","5","3"
"E01003734","Redbridge 033B","16578","5","2022","5","3"
"E01003969","Southwark 017B","16584","5","2023","5","3"
"E01001366","Ealing 044C","16629","5","2024","5","3"
"E01000579","Brent 032A","16635","5","2025","5","3"
"E01001618","Greenwich 030C","16638","5","2026","5","3"
"E01001852","Hammersmith and Fulham 007A","16639","5","2027","5","3"
"E01034614","Hillingdon 028F","16642","5","2028","5","3"
"E01001648","Greenwich 022C","16643","5","2029","5","3"
"E01003559","Newham 009D","16648","5","2030","5","3"
"E01003453","Merton 023E","16653","5","2031","5","3"
"E01001867","Hammersmith and Fulham 012B","16668","5","2032","5","3"
"E01002058","Haringey 031D","16669","5","2033","5","3"
"E01001329","Ealing 009D","16672","5","2034","5","3"
"E01002185","Harrow 009A","16673","5","2035","5","3"
"E01002523","Hillingdon 016D","16680","5","2036","5","3"
"E01002718","Islington 014B","16684","5","2037","5","3"
"E01032581","Redbridge 034G","16688","5","2038","5","3"
"E01034613","Hillingdon 027J","16700","5","2039","5","3"
"E01002084","Haringey 019B","16703","5","2040","5","3"
"E01002442","Hillingdon 003E","16704","5","2041","5","3"
"E01003292","Lewisham 017A","16708","5","2042","5","3"
"E01004349","Waltham Forest 001A","16709","5","2043","5","3"
"E01001853","Hammersmith and Fulham 007B","16712","5","2044","5","3"
"E01003518","Newham 032D","16713","5","2045","5","3"
"E01003218","Lewisham 022B","16719","5","2046","5","3"
"E01001736","Hackney 012A","16721","5","2047","5","3"
"E01003326","Lewisham 035A","16732","5","2048","5","3"
"E01003327","Lewisham 035B","16736","5","2049","5","3"
"E01004682","Westminster 016B","16739","5","2050","5","3"
"E01001000","Croydon 010B","16746","5","2051","5","3"
"E01004631","Wandsworth 022C","16747","5","2052","5","3"
"E01001113","Croydon 013D","16755","5","2053","5","3"
"E01002551","Hillingdon 025C","16760","5","2054","5","3"
"E01004580","Wandsworth 004C","16766","5","2055","5","3"
"E01034224","Newham 041D","16770","5","2056","5","3"
"E01001099","Croydon 040D","16771","5","2057","5","3"
"E01002612","Hounslow 024E","16775","5","2058","5","3"
"E01004148","Sutton 014B","16779","5","2059","5","3"
"E01002363","Havering 020D","16792","5","2060","5","3"
"E01000718","Bromley 006E","16793","5","2061","5","3"
"E01002179","Harrow 013A","16794","5","2062","5","3"
"E01003307","Lewisham 024A","16800","5","2063","5","3"
"E01033884","Southwark 035A","16803","5","2064","5","3"
"E01001041","Croydon 031C","16805","5","2065","5","3"
"E01000375","Bexley 019B","16832","5","2066","5","3"
"E01004382","Waltham Forest 008C","16847","5","2067","5","3"
"E01003672","Redbridge 007E","16862","5","2068","5","3"
"E01002667","Hounslow 020A","16864","5","2069","5","3"
"E01002576","Hounslow 008A","16874","5","2070","5","3"
"E01004012","Southwark 019C","16876","5","2071","5","3"
"E01035690","Tower Hamlets 023E","16879","6","2072","5","3"
"E01003658","Redbridge 004C","16886","6","2073","5","3"
"E01004389","Waltham Forest 003D","16890","6","2074","5","3"
"E01003013","Lambeth 036A","16892","6","2075","5","3"
"E01035653","Islington 011J","16900","6","2076","5","3"
"E01000586","Brent 032E","16909","6","2077","5","3"
"E01001023","Croydon 041C","16913","6","2078","5","3"
"E01035670","Tower Hamlets 010G","16928","6","2079","5","3"
"E01033868","Southwark 002G","16945","6","2080","5","3"
"E01001555","Enfield 033C","16949","6","2081","5","3"
"E01000427","Bexley 026C","16962","6","2082","5","3"
"E01001006","Croydon 016A","16967","6","2083","5","3"
"E01004150","Sutton 021C","16969","6","2084","5","3"
"E01000164","Barnet 022D","16972","6","2085","5","3"
"E01001960","Hammersmith and Fulham 003D","16975","6","2086","5","3"
"E01004438","Waltham Forest 024C","16983","6","2087","5","3"
"E01002627","Hounslow 004D","17003","6","2088","5","3"
"E01000519","Brent 005B","17004","6","2089","5","3"
"E01003161","Lambeth 023E","17011","6","2090","5","3"
"E01004616","Wandsworth 034C","17025","6","2091","5","3"
"E01004063","Southwark 025C","17046","6","2092","5","3"
"E01003520","Newham 018A","17050","6","2093","5","3"
"E01004489","Wandsworth 030D","17054","6","2094","5","3"
"E01001015","Croydon 041A","17072","6","2095","5","3"
"E01004329","Waltham Forest 028C","17083","6","2096","5","3"
"E01002215","Harrow 031B","17116","6","2097","5","3"
"E01001557","Enfield 033D","17122","6","2098","5","3"
"E01002832","Kensington and Chelsea 004D","17127","6","2099","5","3"
"E01001976","Haringey 011A","17135","6","2100","5","3"
"E01001148","Croydon 005B","17147","6","2101","5","3"
"E01001371","Ealing 044B","17149","6","2102","5","3"
"E01003564","Newham 014B","17155","6","2103","5","3"
"E01002346","Havering 030C","17163","6","2104","5","3"
"E01004339","Waltham Forest 027D","17166","6","2105","5","3"
"E01000291","Barnet 004E","17170","6","2106","5","3"
"E01003169","Lambeth 025D","17171","6","2107","5","3"
"E01034203","Newham 025E","17173","6","2108","5","3"
"E01002893","Kensington and Chelsea 017C","17177","6","2109","5","3"
"E01002345","Havering 030B","17191","6","2110","5","3"
"E01000557","Brent 015E","17195","6","2111","5","3"
"E01000546","Brent 028B","17199","6","2112","5","3"
"E01002475","Hillingdon 001B","17200","6","2113","5","3"
"E01000978","Croydon 022D","17205","6","2114","5","3"
"E01003803","Richmond upon Thames 001G","17212","6","2115","5","3"
"E01000738","Bromley 014D","17215","6","2116","5","3"
"E01001883","Hammersmith and Fulham 017D","17230","6","2117","5","3"
"E01001685","Greenwich 017D","17234","6","2118","5","3"
"E01002078","Haringey 015C","17238","6","2119","5","3"
"E01001945","Hammersmith and Fulham 004C","17243","6","2120","5","3"
"E01000142","Barnet 040B","17245","6","2121","5","3"
"E01003939","Southwark 002E","17249","6","2122","5","3"
"E01003626","Newham 015B","17252","6","2123","5","3"
"E01000223","Barnet 039C","17254","6","2124","5","3"
"E01004350","Waltham Forest 001B","17259","6","2125","5","3"
"E01003182","Lambeth 009D","17267","6","2126","5","3"
"E01034198","Greenwich 042C","17274","6","2127","5","3"
"E01001369","Ealing 038D","17278","6","2128","5","3"
"E01000511","Brent 014D","17282","6","2129","5","3"
"E01001855","Hammersmith and Fulham 010B","17285","6","2130","5","3"
"E01004076","Sutton 011A","17286","6","2131","5","3"
"E01033870","Southwark 004G","17310","6","2132","5","3"
"E01033084","Hounslow 018G","17319","6","2133","5","3"
"E01000171","Barnet 006B","17320","6","2134","5","3"
"E01001678","Greenwich 017A","17321","6","2135","5","3"
"E01001981","Haringey 018B","17322","6","2136","5","3"
"E01000289","Barnet 004D","17343","6","2137","5","3"
"E01002004","Haringey 023D","17346","6","2138","5","3"
"E01002559","Hounslow 023C","17348","6","2139","5","3"
"E01002072","Haringey 025D","17356","6","2140","5","3"
"E01004686","Westminster 015E","17362","6","2141","5","3"
"E01002224","Harrow 031E","17365","6","2142","5","3"
"E01000892","Camden 006D","17379","6","2143","5","3"
"E01002245","Havering 011B","17380","6","2144","5","3"
"E01001339","Ealing 029F","17387","6","2145","5","3"
"E01001476","Enfield 018A","17391","6","2146","5","3"
"E01002743","Islington 009C","17395","6","2147","5","3"
"E01004760","Westminster 014E","17403","6","2148","5","3"
"E01035644","Hackney 025I","17411","6","2149","5","3"
"E01003582","Newham 002C","17413","6","2150","5","3"
"E01003018","Lambeth 020A","17414","6","2151","5","3"
"E01032789","Hammersmith and Fulham 023E","17416","6","2152","5","3"
"E01001264","Ealing 010E","17418","6","2153","5","3"
"E01003587","Newham 004C","17421","6","2154","5","3"
"E01004457","Waltham Forest 012B","17430","6","2155","5","3"
"E01001613","Greenwich 028A","17435","6","2156","5","3"
"E01000391","Bexley 021E","17441","6","2157","5","3"
"E01033591","Redbridge 039A","17445","6","2158","5","3"
"E01000112","Barking and Dagenham 002E","17446","6","2159","5","3"
"E01001434","Enfield 007B","17447","6","2160","5","3"
"E01034027","Ealing 015G","17451","6","2161","5","3"
"E01001328","Ealing 009C","17452","6","2162","5","3"
"E01000578","Brent 012D","17457","6","2163","5","3"
"E01035721","Westminster 023H","17463","6","2164","5","3"
"E01002954","Kingston upon Thames 003D","17468","6","2165","5","3"
"E01002620","Hounslow 004A","17479","6","2166","5","3"
"E01002454","Hillingdon 014E","17486","6","2167","5","3"
"E01001503","Enfield 018E","17488","6","2168","5","3"
"E01002496","Hillingdon 033A","17495","6","2169","5","3"
"E01000997","Croydon 009D","17497","6","2170","5","3"
"E01001514","Enfield 016E","17505","6","2171","5","3"
"E01002085","Haringey 019C","17507","6","2172","5","3"
"E01004501","Wandsworth 014B","17512","6","2173","5","3"
"E01033937","Brent 027G","17513","6","2174","5","3"
"E01002590","Hounslow 022C","17516","6","2175","5","3"
"E01001984","Haringey 033A","17519","6","2176","5","3"
"E01002052","Haringey 029C","17524","6","2177","5","3"
"E01003268","Lewisham 023B","17534","6","2178","5","3"
"E01004373","Waltham Forest 025B","17537","6","2179","5","3"
"E01002308","Havering 005C","17543","6","2180","5","3"
"E01002401","Hillingdon 024B","17544","6","2181","5","3"
"E01003231","Lewisham 015B","17551","6","2182","5","3"
"E01001009","Croydon 019C","17553","6","2183","5","3"
"E01033923","Barnet 043C","17555","6","2184","5","3"
"E01004202","Tower Hamlets 005B","17558","6","2185","5","3"
"E01004015","Southwark 028C","17561","6","2186","5","3"
"E01004405","Waltham Forest 020B","17564","6","2187","5","3"
"E01004563","Wandsworth 039E","17568","6","2188","5","3"
"E01001373","Ealing 043A","17573","6","2189","5","3"
"E01001560","Enfield 035F","17574","6","2190","5","3"
"E01002879","Kensington and Chelsea 005C","17578","6","2191","5","3"
"E01002086","Haringey 013B","17603","6","2192","5","3"
"E01004186","Sutton 004D","17605","6","2193","5","3"
"E01002749","Islington 006D","17609","6","2194","5","3"
"E01004494","Wandsworth 018A","17618","6","2195","5","3"
"E01004474","Wandsworth 021B","17626","6","2196","5","3"
"E01003117","Lambeth 029B","17630","6","2197","5","3"
"E01003925","Southwark 020E","17632","6","2198","5","3"
"E01004540","Wandsworth 003B","17636","6","2199","5","3"
"E01003080","Lambeth 027B","17643","6","2200","5","3"
"E01000621","Brent 020C","17644","6","2201","5","3"
"E01000114","Barking and Dagenham 004E","17646","6","2202","5","3"
"E01002547","Hillingdon 023E","17653","6","2203","5","3"
"E01004743","Westminster 021B","17659","6","2204","5","3"
"E01004067","Southwark 022E","17661","6","2205","5","3"
"E01033711","Hackney 032C","17671","6","2206","5","3"
"E01004277","Tower Hamlets 033A","17675","6","2207","5","3"
"E01034029","Ealing 019G","17680","6","2208","5","3"
"E01035687","Tower Hamlets 021H","17681","6","2209","5","3"
"E01001679","Greenwich 020A","17684","6","2210","5","3"
"E01002672","Hounslow 020D","17691","6","2211","5","3"
"E01004048","Southwark 027C","17695","6","2212","5","3"
"E01004439","Waltham Forest 021D","17696","6","2213","5","3"
"E01033738","Greenwich 037D","17710","6","2214","5","3"
"E01003160","Lambeth 022D","17715","6","2215","5","3"
"E01000407","Bexley 005D","17718","6","2216","5","3"
"E01000637","Brent 022B","17720","6","2217","5","3"
"E01000722","Bromley 023A","17727","6","2218","5","3"
"E01004532","Wandsworth 032A","17731","6","2219","5","3"
"E01002049","Haringey 026D","17732","6","2220","5","3"
"E01001890","Hammersmith and Fulham 016C","17735","6","2221","5","3"
"E01003581","Newham 002B","17736","6","2222","5","3"
"E01001234","Ealing 027B","17739","6","2223","5","3"
"E01004109","Sutton 024D","17747","6","2224","5","3"
"E01000664","Bromley 026D","17748","6","2225","5","3"
"E01004107","Sutton 020B","17752","6","2226","5","3"
"E01004633","Wandsworth 022D","17754","6","2227","5","3"
"E01001675","Greenwich 006D","17759","6","2228","5","3"
"E01000995","Croydon 009B","17760","6","2229","5","3"
"E01034221","Newham 039E","17762","6","2230","5","3"
"E01001441","Enfield 006B","17764","6","2231","5","3"
"E01034604","Hillingdon 015J","17770","6","2232","5","3"
"E01002057","Haringey 032D","17771","6","2233","5","3"
"E01000330","Bexley 017D","17772","6","2234","5","3"
"E01001872","Hammersmith and Fulham 012F","17787","6","2235","5","3"
"E01003416","Merton 017D","17790","6","2236","5","3"
"E01001325","Ealing 009A","17792","6","2237","5","3"
"E01001983","Haringey 018D","17798","6","2238","5","3"
"E01001516","Enfield 005D","17802","6","2239","5","3"
"E01032767","Tower Hamlets 021F","17807","6","2240","5","3"
"E01000914","Camden 028B","17814","6","2241","5","3"
"E01003878","Richmond upon Thames 006D","17820","6","2242","5","3"
"E01003561","Newham 007C","17823","6","2243","5","3"
"E01002541","Hillingdon 023A","17837","6","2244","5","3"
"E01003627","Newham 015C","17840","6","2245","5","3"
"E01001197","Ealing 021B","17842","6","2246","5","3"
"E01003629","Newham 015E","17844","6","2247","5","3"
"E01002764","Islington 010A","17850","6","2248","5","3"
"E01033208","Lambeth 004G","17856","6","2249","5","3"
"E01000982","Croydon 017C","17870","6","2250","5","3"
"E01000561","Brent 023E","17873","6","2251","5","3"
"E01001153","Croydon 006D","17877","6","2252","5","3"
"E01033931","Brent 009F","17884","6","2253","5","3"
"E01001158","Croydon 005E","17894","6","2254","5","3"
"E01003628","Newham 015D","17895","6","2255","5","3"
"E01001077","Croydon 032C","17905","6","2256","5","3"
"E01002908","Kensington and Chelsea 003D","17908","6","2257","5","3"
"E01034178","Greenwich 035E","17910","6","2258","5","3"
"E01002769","Islington 008A","17923","6","2259","5","3"
"E01002360","Havering 020B","17941","6","2260","5","3"
"E01002069","Haringey 024B","17943","6","2261","5","3"
"E01001656","Greenwich 034A","17959","6","2262","5","3"
"E01001090","Croydon 004D","17965","6","2263","5","3"
"E01001267","Ealing 006C","17969","6","2264","5","3"
"E01002396","Hillingdon 026A","17985","6","2265","5","3"
"E01001142","Croydon 007D","17994","6","2266","5","3"
"E01001393","Enfield 036C","18019","6","2267","5","3"
"E01001708","Greenwich 005C","18025","6","2268","5","3"
"E01003198","Lewisham 009A","18026","6","2269","5","3"
"E01000398","Bexley 029A","18029","6","2270","5","3"
"E01000174","Barnet 006D","18033","6","2271","5","3"
"E01034229","Newham 042F","18034","6","2272","5","3"
"E01003524","Newham 019D","18035","6","2273","5","3"
"E01004127","Sutton 005A","18039","6","2274","5","3"
"E01001674","Greenwich 006C","18043","6","2275","5","3"
"E01002143","Harrow 005D","18052","6","2276","5","3"
"E01033885","Southwark 036A","18056","6","2277","5","3"
"E01001882","Hammersmith and Fulham 017C","18058","6","2278","5","3"
"E01003053","Lambeth 015B","18060","6","2279","5","3"
"E01002305","Havering 005B","18061","6","2280","5","3"
"E01000255","Barnet 017A","18066","6","2281","5","3"
"E01000996","Croydon 009C","18084","6","2282","5","3"
"E01000630","Brent 026E","18094","6","2283","5","3"
"E01033589","Redbridge 039B","18095","6","2284","5","3"
"E01000315","Barnet 022F","18101","6","2285","5","3"
"E01000849","Camden 011D","18109","6","2286","5","3"
"E01003154","Lambeth 030E","18115","6","2287","5","3"
"E01034154","Sutton 004G","18120","6","2288","5","3"
"E01001344","Ealing 007A","18126","6","2289","5","3"
"E01003625","Newham 015A","18132","6","2290","5","3"
"E01002599","Hounslow 025C","18134","6","2291","5","3"
"E01001502","Enfield 018D","18135","6","2292","5","3"
"E01003819","Richmond upon Thames 017B","18136","6","2293","5","3"
"E01002717","Islington 016A","18140","6","2294","5","3"
"E01003585","Newham 004B","18142","6","2295","5","3"
"E01003282","Lewisham 013A","18153","6","2296","5","3"
"E01000184","Barnet 027C","18154","6","2297","5","3"
"E01001357","Ealing 033D","18166","6","2298","5","3"
"E01004434","Waltham Forest 026E","18167","6","2299","5","3"
"E01034610","Hillingdon 027G","18171","6","2300","5","3"
"E01001572","Greenwich 008B","18172","6","2301","5","3"
"E01000819","Bromley 040C","18179","6","2302","5","3"
"E01003841","Richmond upon Thames 013B","18182","6","2303","5","3"
"E01000504","Brent 018A","18188","6","2304","5","3"
"E01000294","Barnet 004F","18196","6","2305","5","3"
"E01002987","Kingston upon Thames 011B","18200","6","2306","5","3"
"E01002507","Hillingdon 027F","18206","6","2307","5","3"
"E01004565","Wandsworth 005A","18207","6","2308","5","3"
"E01033132","Wandsworth 038D","18215","6","2309","5","3"
"E01003023","Lambeth 021C","18217","6","2310","5","3"
"E01035486","Hammersmith and Fulham 023G","18218","6","2311","5","3"
"E01001370","Ealing 044A","18220","6","2312","5","3"
"E01001336","Ealing 038C","18224","6","2313","5","3"
"E01002246","Havering 017A","18251","6","2314","5","3"
"E01002533","Hillingdon 005A","18257","6","2315","5","3"
"E01004173","Sutton 010C","18266","6","2316","5","3"
"E01001492","Enfield 025E","18269","6","2317","5","3"
"E01000699","Bromley 015A","18272","6","2318","5","3"
"E01004430","Waltham Forest 026D","18273","6","2319","5","3"
"E01004733","Westminster 020C","18281","6","2320","5","3"
"E01002014","Haringey 020B","18294","6","2321","5","3"
"E01000847","Camden 014D","18308","6","2322","5","3"
"E01000617","Brent 036B","18317","6","2323","5","3"
"E01003083","Lambeth 030A","18336","6","2324","5","3"
"E01000921","Camden 003C","18338","6","2325","5","3"
"E01003888","Richmond upon Thames 021C","18344","6","2326","5","3"
"E01002479","Hillingdon 004C","18345","6","2327","5","3"
"E01000071","Barking and Dagenham 011E","18351","6","2328","5","3"
"E01001024","Croydon 043B","18358","6","2329","5","3"
"E01001972","Haringey 004C","18364","6","2330","5","3"
"E01000068","Barking and Dagenham 016E","18367","6","2331","5","3"
"E01000689","Bromley 002A","18369","6","2332","5","3"
"E01002792","Islington 017E","18376","6","2333","5","3"
"E01002235","Harrow 011D","18393","6","2334","5","3"
"E01001859","Hammersmith and Fulham 008A","18398","6","2335","5","3"
"E01003084","Lambeth 030B","18404","6","2336","5","3"
"E01002745","Islington 013C","18412","6","2337","5","3"
"E01003573","Newham 017C","18425","6","2338","5","3"
"E01003784","Redbridge 029B","18428","6","2339","5","3"
"E01000577","Brent 007E","18442","6","2340","5","3"
"E01002752","Islington 009E","18443","6","2341","5","3"
"E01034151","Croydon 046E","18448","6","2342","5","3"
"E01002600","Hounslow 025D","18450","6","2343","5","3"
"E01002168","Harrow 017D","18452","6","2344","5","3"
"E01001365","Ealing 026F","18473","6","2345","5","3"
"E01001244","Ealing 024E","18477","6","2346","5","3"
"E01004397","Waltham Forest 017C","18481","6","2347","5","3"
"E01001501","Enfield 036E","18483","6","2348","5","3"
"E01032646","Southwark 036B","18493","6","2349","5","3"
"E01001213","Ealing 023A","18501","6","2350","5","3"
"E01000554","Brent 015B","18534","6","2351","5","3"
"E01001636","Greenwich 007E","18539","6","2352","5","3"
"E01004536","Wandsworth 008B","18545","6","2353","5","3"
"E01004698","Westminster 017E","18564","6","2354","5","3"
"E01000443","Bexley 024B","18565","6","2355","5","3"
"E01002439","Hillingdon 003B","18566","6","2356","5","3"
"E01032743","Ealing 010F","18569","6","2357","5","3"
"E01002104","Haringey 008D","18583","6","2358","5","3"
"E01003029","Lambeth 017A","18585","6","2359","5","3"
"E01004432","Waltham Forest 023D","18595","6","2360","5","3"
"E01001609","Greenwich 027D","18601","6","2361","5","3"
"E01003546","Newham 001C","18607","6","2362","5","3"
"E01003781","Redbridge 026A","18615","6","2363","5","3"
"E01004538","Wandsworth 007C","18622","6","2364","5","3"
"E01000229","Barnet 013B","18632","6","2365","5","3"
"E01001301","Ealing 039B","18634","6","2366","5","3"
"E01002585","Hounslow 013C","18642","6","2367","5","3"
"E01002016","Haringey 028A","18644","6","2368","5","3"
"E01003301","Lewisham 003C","18649","6","2369","5","3"
"E01000290","Barnet 007F","18653","6","2370","5","3"
"E01003484","Newham 032B","18656","6","2371","5","3"
"E01003603","Newham 028B","18670","6","2372","5","3"
"E01001241","Ealing 024B","18671","6","2373","5","3"
"E01004181","Sutton 020E","18673","6","2374","5","3"
"E01004519","Wandsworth 036C","18681","6","2375","5","3"
"E01034601","Hillingdon 015G","18683","6","2376","5","3"
"E01001261","Ealing 012C","18684","6","2377","5","3"
"E01003704","Redbridge 006G","18688","6","2378","5","3"
"E01000134","Barnet 024F","18689","6","2379","5","3"
"E01002921","Kingston upon Thames 011A","18702","6","2380","5","3"
"E01000066","Barking and Dagenham 011A","18704","6","2381","5","3"
"E01002000","Haringey 031A","18706","6","2382","5","3"
"E01003731","Redbridge 033A","18724","6","2383","5","3"
"E01000012","Barking and Dagenham 015D","18725","6","2384","5","3"
"E01003522","Newham 018C","18730","6","2385","5","3"
"E01003406","Merton 008D","18731","6","2386","5","3"
"E01001952","Hammersmith and Fulham 024D","18733","6","2387","5","3"
"E01004029","Southwark 001A","18734","6","2388","5","3"
"E01004365","Waltham Forest 020A","18736","6","2389","5","3"
"E01002602","Hounslow 027C","18742","6","2390","5","3"
"E01004370","Waltham Forest 023B","18744","6","2391","5","3"
"E01002591","Hounslow 024A","18747","6","2392","5","3"
"E01001260","Ealing 012B","18756","6","2393","5","3"
"E01002001","Haringey 031B","18761","6","2394","5","3"
"E01004178","Sutton 017D","18771","6","2395","5","3"
"E01001372","Ealing 043C","18772","6","2396","5","3"
"E01002234","Harrow 011C","18776","6","2397","5","3"
"E01002059","Haringey 028C","18780","6","2398","5","3"
"E01000376","Bexley 019C","18796","6","2399","5","3"
"E01004330","Waltham Forest 028D","18797","6","2400","5","3"
"E01002939","Kingston upon Thames 018A","18800","6","2401","5","3"
"E01033325","Lewisham 008F","18808","6","2402","5","3"
"E01000888","Camden 006C","18809","6","2403","5","3"
"E01001168","Croydon 024E","18813","6","2404","5","3"
"E01000138","Barnet 040A","18825","6","2405","5","3"
"E01004576","Wandsworth 013D","18829","6","2406","5","3"
"E01003639","Redbridge 013A","18830","6","2407","5","3"
"E01000780","Bromley 001B","18839","6","2408","5","3"
"E01001897","Hammersmith and Fulham 009C","18847","6","2409","5","3"
"E01001665","Greenwich 037C","18852","6","2410","5","3"
"E01003489","Newham 019B","18854","6","2411","5","3"
"E01000877","Camden 005E","18862","6","2412","5","3"
"E01004002","Southwark 029A","18893","6","2413","5","3"
"E01004453","Waltham Forest 006B","18894","6","2414","5","3"
"E01033942","Brent 035D","18897","6","2415","5","3"
"E01001932","Hammersmith and Fulham 011C","18910","6","2416","5","3"
"E01002412","Hillingdon 017B","18917","6","2417","5","3"
"E01001029","Croydon 038B","18922","6","2418","5","3"
"E01002580","Hounslow 008C","18934","6","2419","5","3"
"E01004169","Sutton 004C","18937","6","2420","5","3"
"E01001917","Hammersmith and Fulham 018C","18940","6","2421","5","3"
"E01002455","Hillingdon 019D","18942","6","2422","5","3"
"E01001863","Hammersmith and Fulham 006D","18950","6","2423","5","3"
"E01002598","Hounslow 025B","18953","6","2424","5","3"
"E01003666","Redbridge 038B","18954","6","2425","5","3"
"E01002643","Hounslow 015B","18959","6","2426","5","3"
"E01003743","Redbridge 031G","18963","6","2427","5","3"
"E01003490","Newham 019C","18967","6","2428","5","3"
"E01004375","Waltham Forest 025D","18971","6","2429","5","3"
"E01000571","Brent 012B","18974","6","2430","5","3"
"E01004496","Wandsworth 024B","18978","6","2431","5","3"
"E01004152","Sutton 018A","18985","6","2432","5","3"
"E01001287","Ealing 016F","18986","6","2433","5","3"
"E01002593","Hounslow 024B","18987","6","2434","5","3"
"E01003941","Southwark 006C","19001","6","2435","5","3"
"E01000979","Croydon 022E","19004","6","2436","5","3"
"E01032780","Tower Hamlets 035D","19006","6","2437","5","3"
"E01000220","Barnet 037E","19007","6","2438","5","3"
"E01034208","Newham 034J","19020","6","2439","5","3"
"E01034026","Ealing 015F","19023","6","2440","5","3"
"E01000946","Camden 021B","19025","6","2441","5","3"
"E01004328","Waltham Forest 028B","19028","6","2442","5","3"
"E01004626","Wandsworth 027F","19032","6","2443","5","3"
"E01001005","Croydon 019A","19034","6","2444","5","3"
"E01003195","Lewisham 029C","19036","6","2445","5","3"
"E01001059","Croydon 034B","19045","6","2446","5","3"
"E01003019","Lambeth 015A","19051","6","2447","5","3"
"E01002791","Islington 016E","19055","6","2448","5","3"
"E01004369","Waltham Forest 023A","19068","6","2449","5","3"
"E01000610","Brent 019A","19076","6","2450","5","3"
"E01002292","Havering 022C","19077","6","2451","5","3"
"E01035700","Tower Hamlets 034A","19084","6","2452","5","3"
"E01001183","Croydon 011E","19087","6","2453","5","3"
"E01034392","Lewisham 040A","19094","6","2454","5","3"
"E01004344","Waltham Forest 008B","19097","6","2455","5","3"
"E01034469","Barking and Dagenham 004F","19103","6","2456","5","3"
"E01002301","Havering 003A","19108","6","2457","5","3"
"E01001803","Hackney 008C","19114","6","2458","5","3"
"E01002342","Havering 030A","19125","6","2459","5","3"
"E01001265","Ealing 006A","19135","6","2460","5","3"
"E01002754","Islington 002B","19138","6","2461","5","3"
"E01001003","Croydon 010C","19139","6","2462","5","3"
"E01004378","Waltham Forest 010D","19146","6","2463","5","3"
"E01003521","Newham 018B","19147","6","2464","5","3"
"E01001111","Croydon 010D","19152","6","2465","5","3"
"E01004530","Wandsworth 035F","19155","6","2466","5","3"
"E01002762","Islington 011C","19160","6","2467","5","3"
"E01001647","Greenwich 022B","19169","6","2468","5","3"
"E01033872","Southwark 004I","19179","6","2469","5","3"
"E01000438","Bexley 007B","19190","6","2470","5","3"
"E01003574","Newham 017D","19194","6","2471","5","3"
"E01004194","Sutton 008E","19195","6","2472","5","3"
"E01035716","Westminster 013G","19199","6","2473","5","3"
"E01001489","Enfield 023D","19209","6","2474","5","3"
"E01003565","Newham 014C","19216","6","2475","5","3"
"E01003663","Redbridge 037A","19226","6","2476","5","3"
"E01001421","Enfield 020C","19227","6","2477","5","3"
"E01004061","Southwark 025A","19232","6","2478","5","3"
"E01003768","Redbridge 024C","19251","6","2479","5","3"
"E01001105","Croydon 039B","19256","6","2480","5","3"
"E01004363","Waltham Forest 019A","19281","6","2481","5","3"
"E01002449","Hillingdon 032C","19282","6","2482","5","3"
"E01002251","Havering 017F","19292","6","2483","5","3"
"E01003341","Lewisham 006D","19297","6","2484","5","3"
"E01033082","Hounslow 031C","19313","6","2485","5","3"
"E01004678","Westminster 005D","19314","6","2486","5","3"
"E01003262","Lewisham 021E","19320","6","2487","5","3"
"E01033869","Southwark 004F","19327","6","2488","5","3"
"E01000505","Brent 018B","19335","6","2489","5","3"
"E01003359","Merton 006A","19341","6","2490","5","3"
"E01002543","Hillingdon 020E","19345","6","2491","5","3"
"E01001315","Ealing 003A","19347","6","2492","5","3"
"E01033579","Newham 040C","19355","6","2493","5","3"
"E01001975","Haringey 001D","19359","6","2494","5","3"
"E01003756","Redbridge 023C","19362","6","2495","5","3"
"E01004443","Waltham Forest 016E","19368","6","2496","5","3"
"E01004458","Waltham Forest 012C","19380","6","2497","5","3"
"E01004652","Westminster 017A","19381","6","2498","5","3"
"E01003000","Kingston upon Thames 017C","19382","6","2499","5","3"
"E01002425","Hillingdon 018D","19393","6","2500","6","3"
"E01000488","Brent 022A","19395","6","2501","6","3"
"E01002484","Hillingdon 002E","19398","6","2502","6","3"
"E01004425","Waltham Forest 022C","19399","6","2503","6","3"
"E01001524","Enfield 019D","19406","6","2504","6","3"
"E01000731","Bromley 023C","19419","6","2505","6","3"
"E01001164","Croydon 001E","19424","6","2506","6","3"
"E01001247","Ealing 015E","19425","6","2507","6","3"
"E01001600","Greenwich 032C","19427","6","2508","6","3"
"E01003635","Newham 016D","19429","6","2509","6","3"
"E01035493","Wandsworth 010K","19430","6","2510","6","3"
"E01000608","Brent 013D","19434","6","2511","6","3"
"E01003440","Merton 022D","19435","6","2512","6","3"
"E01000634","Brent 019E","19443","6","2513","6","3"
"E01000549","Brent 028E","19444","6","2514","6","3"
"E01004548","Wandsworth 029D","19447","6","2515","6","3"
"E01001038","Croydon 029C","19451","6","2516","6","3"
"E01000302","Barnet 019C","19452","6","2517","6","3"
"E01004174","Sutton 017C","19453","6","2518","6","3"
"E01002477","Hillingdon 001D","19473","6","2519","6","3"
"E01003953","Southwark 028A","19474","6","2520","6","3"
"E01004448","Waltham Forest 018D","19499","6","2521","6","3"
"E01004710","Westminster 002D","19500","6","2522","6","3"
"E01001233","Ealing 031D","19501","6","2523","6","3"
"E01004700","Westminster 016E","19518","6","2524","6","3"
"E01002409","Hillingdon 019B","19521","6","2525","6","3"
"E01002395","Hillingdon 021B","19524","6","2526","6","3"
"E01002511","Hillingdon 017E","19527","6","2527","6","3"
"E01003907","Richmond upon Thames 010C","19528","6","2528","6","3"
"E01001199","Ealing 021D","19534","6","2529","6","3"
"E01032741","Havering 013E","19535","6","2530","6","3"
"E01000799","Bromley 004A","19544","6","2531","6","3"
"E01002324","Havering 021E","19553","6","2532","6","3"
"E01001488","Enfield 024E","19572","6","2533","6","3"
"E01001677","Greenwich 006E","19573","6","2534","6","3"
"E01000999","Croydon 009E","19575","6","2535","6","3"
"E01004408","Waltham Forest 016B","19576","6","2536","6","3"
"E01004427","Waltham Forest 022E","19580","6","2537","6","3"
"E01003312","Lewisham 027D","19595","6","2538","6","3"
"E01033865","Lambeth 004I","19599","6","2539","6","3"
"E01003157","Lambeth 023C","19605","6","2540","6","3"
"E01001242","Ealing 024C","19615","6","2541","6","3"
"E01001644","Greenwich 038D","19618","6","2542","6","3"
"E01000662","Bromley 026B","19631","6","2543","6","3"
"E01001547","Enfield 002C","19641","6","2544","6","3"
"E01000920","Camden 027D","19642","6","2545","6","3"
"E01001355","Ealing 033B","19648","6","2546","6","3"
"E01001321","Ealing 003F","19652","6","2547","6","3"
"E01000038","Barking and Dagenham 003C","19654","6","2548","6","3"
"E01000462","Bexley 026E","19656","6","2549","6","3"
"E01002394","Hillingdon 021A","19660","6","2550","6","3"
"E01004380","Waltham Forest 007B","19668","6","2551","6","3"
"E01032574","Enfield 037E","19670","6","2552","6","3"
"E01000141","Barnet 039A","19671","6","2553","6","3"
"E01001436","Enfield 007D","19686","6","2554","6","3"
"E01003316","Lewisham 024E","19690","6","2555","6","3"
"E01000424","Bexley 026A","19691","6","2556","6","3"
"E01003491","Newham 022A","19693","6","2557","6","3"
"E01000965","Camden 016C","19697","6","2558","6","3"
"E01000570","Brent 012A","19698","6","2559","6","3"
"E01004495","Wandsworth 024A","19701","6","2560","6","3"
"E01001682","Greenwich 020D","19710","6","2561","6","3"
"E01001180","Croydon 016E","19713","6","2562","6","3"
"E01002613","Hounslow 024F","19721","6","2563","6","3"
"E01004021","Southwark 028D","19722","6","2564","6","3"
"E01003100","Lambeth 005C","19723","6","2565","6","3"
"E01034616","Hillingdon 030F","19731","6","2566","6","3"
"E01002913","Kensington and Chelsea 021E","19739","6","2567","6","3"
"E01000589","Brent 001B","19743","6","2568","6","3"
"E01004658","Westminster 012B","19744","6","2569","6","3"
"E01001463","Enfield 031A","19762","6","2570","6","3"
"E01033913","Barnet 024G","19763","6","2571","6","3"
"E01001353","Ealing 033A","19764","6","2572","6","3"
"E01004515","Wandsworth 012D","19770","6","2573","6","3"
"E01003411","Merton 014C","19772","6","2574","6","3"
"E01004522","Wandsworth 037C","19778","6","2575","6","3"
"E01000705","Bromley 015D","19780","6","2576","6","3"
"E01004138","Sutton 013C","19791","6","2577","6","3"
"E01001138","Croydon 001B","19792","6","2578","6","3"
"E01002456","Hillingdon 017C","19802","6","2579","6","3"
"E01000622","Brent 010D","19812","6","2580","6","3"
"E01001477","Enfield 018B","19828","6","2581","6","3"
"E01002371","Havering 028D","19844","6","2582","6","3"
"E01003570","Newham 008C","19850","6","2583","6","3"
"E01004353","Waltham Forest 002B","19856","6","2584","6","3"
"E01000709","Bromley 006A","19859","6","2585","6","3"
"E01001240","Ealing 024A","19865","6","2586","6","3"
"E01003924","Southwark 021E","19867","6","2587","6","3"
"E01032781","Tower Hamlets 033C","19868","6","2588","6","3"
"E01002115","Harrow 002B","19876","6","2589","6","3"
"E01002622","Hounslow 010B","19882","6","2590","6","3"
"E01003547","Newham 007A","19883","6","2591","6","3"
"E01002719","Islington 016B","19885","6","2592","6","3"
"E01004513","Wandsworth 018B","19902","6","2593","6","3"
"E01000606","Brent 016B","19908","6","2594","6","3"
"E01000515","Brent 003A","19912","6","2595","6","3"
"E01000994","Croydon 009A","19914","6","2596","6","3"
"E01001465","Enfield 031B","19915","6","2597","6","3"
"E01003923","Southwark 017A","19918","6","2598","6","3"
"E01000457","Bexley 026D","19928","6","2599","6","3"
"E01003711","Redbridge 010C","19931","6","2600","6","3"
"E01000700","Bromley 013A","19933","6","2601","6","3"
"E01001236","Ealing 042C","19936","6","2602","6","3"
"E01002262","Havering 026C","19940","6","2603","6","3"
"E01001604","Greenwich 027A","19941","6","2604","6","3"
"E01001190","Croydon 045C","19954","6","2605","6","3"
"E01001530","Enfield 032D","19961","6","2606","6","3"
"E01000039","Barking and Dagenham 003D","19962","6","2607","6","3"
"E01034214","Newham 038B","19968","6","2608","6","3"
"E01034045","Hounslow 031A","19972","6","2609","6","3"
"E01003948","Southwark 033D","19975","6","2610","6","3"
"E01002940","Kingston upon Thames 020A","19996","6","2611","6","3"
"E01003071","Lambeth 018D","20002","6","2612","6","3"
"E01003494","Newham 025C","20003","6","2613","6","3"
"E01000587","Brent 001A","20008","6","2614","6","3"
"E01000881","Camden 008A","20015","6","2615","6","3"
"E01003186","Lambeth 007D","20017","6","2616","6","3"
"E01002696","Islington 020A","20027","6","2617","6","3"
"E01003219","Lewisham 025B","20033","6","2618","6","3"
"E01003138","Lambeth 026D","20038","6","2619","6","3"
"E01001131","Croydon 018C","20040","6","2620","6","3"
"E01004473","Wandsworth 026A","20053","6","2621","6","3"
"E01000668","Bromley 020B","20064","6","2622","6","3"
"E01004099","Sutton 015C","20068","6","2623","6","3"
"E01000240","Barnet 031B","20078","6","2624","6","3"
"E01002646","Hounslow 017B","20082","6","2625","6","3"
"E01003771","Redbridge 022C","20084","6","2626","6","3"
"E01004017","Southwark 029C","20090","6","2627","6","3"
"E01000127","Barnet 024B","20103","6","2628","6","3"
"E01000520","Brent 002D","20108","6","2629","6","3"
"E01003492","Newham 025A","20109","6","2630","6","3"
"E01000481","Brent 009B","20110","6","2631","6","3"
"E01001088","Croydon 004B","20114","6","2632","6","3"
"E01000305","Barnet 036B","20117","6","2633","6","3"
"E01033590","Redbridge 037C","20118","6","2634","6","3"
"E01001140","Croydon 007C","20135","6","2635","6","3"
"E01002005","Haringey 035A","20139","6","2636","6","3"
"E01002847","Kensington and Chelsea 015B","20140","6","2637","6","3"
"E01003148","Lambeth 032E","20152","6","2638","6","3"
"E01035492","Wandsworth 010J","20157","6","2639","6","3"
"E01004358","Waltham Forest 002D","20158","6","2640","6","3"
"E01034032","Hounslow 006G","20163","6","2641","6","3"
"E01003107","Lambeth 003D","20164","6","2642","6","3"
"E01004356","Waltham Forest 001D","20166","6","2643","6","3"
"E01003255","Lewisham 021B","20167","6","2644","6","3"
"E01000792","Bromley 032C","20174","6","2645","6","3"
"E01000338","Bexley 003E","20180","6","2646","6","3"
"E01000366","Bexley 015D","20181","6","2647","6","3"
"E01002645","Hounslow 015C","20183","6","2648","6","3"
"E01003040","Lambeth 013D","20184","6","2649","6","3"
"E01003433","Merton 019E","20187","6","2650","6","3"
"E01000031","Barking and Dagenham 002A","20188","6","2651","6","3"
"E01003554","Newham 009C","20190","6","2652","6","3"
"E01000676","Bromley 008B","20195","6","2653","6","3"
"E01003569","Newham 017B","20196","6","2654","6","3"
"E01004715","Westminster 013A","20201","6","2655","6","3"
"E01001571","Greenwich 008A","20202","6","2656","6","3"
"E01001272","Ealing 006D","20203","6","2657","6","3"
"E01032739","City of London 001F","20214","6","2658","6","3"
"E01033493","Islington 006F","20231","6","2659","6","3"
"E01002850","Kensington and Chelsea 013D","20233","6","2660","6","3"
"E01002624","Hounslow 017A","20246","6","2661","6","3"
"E01004258","Tower Hamlets 023D","20247","6","2662","6","3"
"E01002747","Islington 006B","20252","6","2663","6","3"
"E01003311","Lewisham 027C","20299","7","2664","6","3"
"E01003136","Lambeth 022A","20305","7","2665","6","3"
"E01000189","Barnet 014D","20322","7","2666","6","3"
"E01004053","Southwark 001C","20325","7","2667","6","3"
"E01001951","Hammersmith and Fulham 021E","20333","7","2668","6","3"
"E01004525","Wandsworth 035A","20337","7","2669","6","3"
"E01000257","Barnet 017B","20351","7","2670","6","3"
"E01002583","Hounslow 013A","20356","7","2671","6","3"
"E01003955","Southwark 028B","20362","7","2672","6","3"
"E01002331","Havering 005E","20370","7","2673","6","3"
"E01002538","Hillingdon 005C","20383","7","2674","6","3"
"E01000937","Camden 029G","20392","7","2675","6","3"
"E01000219","Barnet 037D","20393","7","2676","6","3"
"E01034577","Kingston upon Thames 004I","20395","7","2677","6","3"
"E01003232","Lewisham 015C","20405","7","2678","6","3"
"E01004059","Southwark 008D","20409","7","2679","6","3"
"E01000454","Bexley 013C","20415","7","2680","6","3"
"E01004510","Wandsworth 012B","20416","7","2681","6","3"
"E01000307","Barnet 039D","20418","7","2682","6","3"
"E01003397","Merton 007D","20422","7","2683","6","3"
"E01000110","Barking and Dagenham 002C","20424","7","2684","6","3"
"E01001974","Haringey 001C","20425","7","2685","6","3"
"E01001248","Ealing 035A","20427","7","2686","6","3"
"E01004454","Waltham Forest 006C","20429","7","2687","6","3"
"E01001964","Haringey 009B","20436","7","2688","6","3"
"E01000625","Brent 009E","20441","7","2689","6","3"
"E01000732","Bromley 023D","20449","7","2690","6","3"
"E01004066","Southwark 025E","20457","7","2691","6","3"
"E01002031","Haringey 016D","20464","7","2692","6","3"
"E01002140","Harrow 005A","20465","7","2693","6","3"
"E01001397","Enfield 035C","20476","7","2694","6","3"
"E01002526","Hillingdon 028C","20477","7","2695","6","3"
"E01003141","Lambeth 034B","20482","7","2696","6","3"
"E01001150","Croydon 006C","20487","7","2697","6","3"
"E01001558","Enfield 033E","20493","7","2698","6","3"
"E01002233","Harrow 011B","20496","7","2699","6","3"
"E01001391","Enfield 036B","20510","7","2700","6","3"
"E01001601","Greenwich 032D","20517","7","2701","6","3"
"E01003650","Redbridge 015B","20518","7","2702","6","3"
"E01033746","Greenwich 038E","20542","7","2703","6","3"
"E01000733","Bromley 023E","20543","7","2704","6","3"
"E01002492","Hillingdon 030E","20544","7","2705","6","3"
"E01003459","Merton 006E","20546","7","2706","6","3"
"E01001271","Ealing 001B","20551","7","2707","6","3"
"E01002506","Hillingdon 027E","20554","7","2708","6","3"
"E01003971","Southwark 015D","20558","7","2709","6","3"
"E01004348","Waltham Forest 010B","20569","7","2710","6","3"
"E01004414","Waltham Forest 005B","20577","7","2711","6","3"
"E01002358","Havering 016E","20581","7","2712","6","3"
"E01004078","Sutton 011C","20582","7","2713","6","3"
"E01004016","Southwark 029B","20583","7","2714","6","3"
"E01034595","Harrow 023E","20584","7","2715","6","3"
"E01000736","Bromley 010C","20585","7","2716","6","3"
"E01003233","Lewisham 015D","20586","7","2717","6","3"
"E01001664","Greenwich 037B","20587","7","2718","6","3"
"E01000365","Bexley 015C","20588","7","2719","6","3"
"E01000822","Bromley 008D","20589","7","2720","6","3"
"E01003715","Redbridge 034C","20596","7","2721","6","3"
"E01000745","Bromley 005D","20597","7","2722","6","3"
"E01001146","Croydon 006A","20617","7","2723","6","3"
"E01000329","Bexley 017C","20619","7","2724","6","3"
"E01002514","Hillingdon 015C","20625","7","2725","6","3"
"E01001167","Croydon 028A","20627","7","2726","6","3"
"E01002650","Hounslow 021B","20630","7","2727","6","3"
"E01002874","Kensington and Chelsea 007D","20631","7","2728","6","3"
"E01001870","Hammersmith and Fulham 012D","20632","7","2729","6","3"
"E01001125","Croydon 033E","20633","7","2730","6","3"
"E01002103","Haringey 008C","20635","7","2731","6","3"
"E01002465","Hillingdon 009A","20637","7","2732","6","3"
"E01003836","Richmond upon Thames 022C","20642","7","2733","6","3"
"E01004371","Waltham Forest 025A","20645","7","2734","6","3"
"E01003686","Redbridge 040A","20647","7","2735","6","3"
"E01004411","Waltham Forest 016D","20655","7","2736","6","3"
"E01000394","Bexley 015E","20667","7","2737","6","3"
"E01001597","Greenwich 031A","20670","7","2738","6","3"
"E01003555","Newham 007B","20671","7","2739","6","3"
"E01003147","Lambeth 034E","20673","7","2740","6","3"
"E01000029","Barking and Dagenham 001C","20679","7","2741","6","3"
"E01001201","Ealing 025B","20682","7","2742","6","3"
"E01034196","Greenwich 041D","20692","7","2743","6","3"
"E01001741","Hackney 009A","20694","7","2744","6","3"
"E01001435","Enfield 007C","20703","7","2745","6","3"
"E01002338","Havering 009E","20704","7","2746","6","3"
"E01000613","Brent 013E","20709","7","2747","6","3"
"E01001149","Croydon 006B","20716","7","2748","6","3"
"E01002488","Hillingdon 030B","20718","7","2749","6","3"
"E01000003","City of London 001C","20719","7","2750","6","3"
"E01003388","Merton 013B","20720","7","2751","6","3"
"E01001216","Ealing 023D","20728","7","2752","6","3"
"E01001060","Croydon 034C","20747","7","2753","6","3"
"E01002546","Hillingdon 023D","20748","7","2754","6","3"
"E01034153","Sutton 004F","20753","7","2755","6","3"
"E01000887","Camden 006B","20764","7","2756","6","3"
"E01003410","Merton 012E","20765","7","2757","6","3"
"E01002621","Hounslow 011B","20769","7","2758","6","3"
"E01002135","Harrow 029C","20788","7","2759","6","3"
"E01002724","Islington 022D","20792","7","2760","6","3"
"E01001592","Greenwich 014B","20799","7","2761","6","3"
"E01034031","Ealing 042B","20804","7","2762","6","3"
"E01000067","Barking and Dagenham 011B","20811","7","2763","6","3"
"E01004695","Westminster 017C","20813","7","2764","6","3"
"E01001420","Enfield 020B","20816","7","2765","6","3"
"E01001367","Ealing 043B","20825","7","2766","6","3"
"E01002424","Hillingdon 018C","20839","7","2767","6","3"
"E01003405","Merton 018E","20842","7","2768","6","3"
"E01034481","Redbridge 023F","20849","7","2769","6","3"
"E01034596","Harrow 023F","20865","7","2770","6","3"
"E01003375","Merton 022B","20867","7","2771","6","3"
"E01001359","Ealing 026A","20868","7","2772","6","3"
"E01004637","Wandsworth 028E","20873","7","2773","6","3"
"E01001189","Croydon 045B","20877","7","2774","6","3"
"E01002181","Harrow 020C","20882","7","2775","6","3"
"E01000801","Bromley 015E","20888","7","2776","6","3"
"E01003779","Redbridge 014F","20889","7","2777","6","3"
"E01003913","Southwark 024A","20892","7","2778","6","3"
"E01002957","Kingston upon Thames 003E","20896","7","2779","6","3"
"E01003642","Redbridge 013D","20900","7","2780","6","3"
"E01003412","Merton 014D","20901","7","2781","6","3"
"E01002841","Kensington and Chelsea 021B","20903","7","2782","6","3"
"E01003003","Kingston upon Thames 017E","20907","7","2783","6","3"
"E01002266","Havering 027A","20911","7","2784","6","3"
"E01032771","Tower Hamlets 033B","20914","7","2785","6","3"
"E01002487","Hillingdon 028B","20915","7","2786","6","3"
"E01003751","Redbridge 020A","20921","7","2787","6","3"
"E01002972","Kingston upon Thames 005D","20928","7","2788","6","3"
"E01004355","Waltham Forest 004A","20944","7","2789","6","3"
"E01003106","Lambeth 003C","20952","7","2790","6","3"
"E01000968","Camden 016E","20966","7","2791","6","3"
"E01003637","Newham 021D","20979","7","2792","6","3"
"E01000559","Brent 018E","20980","7","2793","6","3"
"E01001537","Enfield 005E","20986","7","2794","6","3"
"E01001906","Hammersmith and Fulham 022C","20987","7","2795","6","3"
"E01003543","Newham 001A","20990","7","2796","6","3"
"E01002647","Hounslow 021A","21004","7","2797","6","3"
"E01001363","Ealing 026D","21007","7","2798","6","3"
"E01000108","Barking and Dagenham 010D","21015","7","2799","6","3"
"E01034230","Newham 042G","21031","7","2800","6","3"
"E01000185","Barnet 029F","21035","7","2801","6","3"
"E01004742","Westminster 022A","21037","7","2802","6","3"
"E01003773","Redbridge 022D","21040","7","2803","6","3"
"E01000128","Barnet 024C","21047","7","2804","6","3"
"E01003127","Lambeth 010E","21058","7","2805","6","3"
"E01003525","Newham 018D","21062","7","2806","6","3"
"E01003158","Lambeth 023D","21066","7","2807","6","3"
"E01000618","Brent 036D","21073","7","2808","6","3"
"E01000644","Brent 022E","21081","7","2809","6","3"
"E01001444","Enfield 001A","21088","7","2810","6","3"
"E01002410","Hillingdon 017A","21091","7","2811","6","3"
"E01002326","Havering 005D","21105","7","2812","6","3"
"E01004517","Wandsworth 037A","21130","7","2813","6","3"
"E01003724","Redbridge 003B","21138","7","2814","6","3"
"E01000265","Barnet 011A","21143","7","2815","6","3"
"E01004376","Waltham Forest 025E","21145","7","2816","6","3"
"E01002421","Hillingdon 008D","21152","7","2817","6","3"
"E01000764","Bromley 027B","21155","7","2818","6","3"
"E01000235","Barnet 021E","21159","7","2819","6","3"
"E01003916","Southwark 020B","21166","7","2820","6","3"
"E01000583","Brent 032D","21189","7","2821","6","3"
"E01001469","Enfield 008A","21193","7","2822","6","3"
"E01002919","Kingston upon Thames 017B","21197","7","2823","6","3"
"E01003076","Lambeth 014C","21204","7","2824","6","3"
"E01000326","Bexley 014B","21214","7","2825","6","3"
"E01003548","Newham 006B","21215","7","2826","6","3"
"E01004426","Waltham Forest 022D","21216","7","2827","6","3"
"E01003314","Lewisham 024C","21222","7","2828","6","3"
"E01000535","Brent 031F","21223","7","2829","6","3"
"E01002682","Hounslow 014D","21226","7","2830","6","3"
"E01004487","Wandsworth 030C","21227","7","2831","6","3"
"E01003562","Newham 014A","21231","7","2832","6","3"
"E01004176","Sutton 010E","21234","7","2833","6","3"
"E01002088","Haringey 013C","21238","7","2834","6","3"
"E01000477","Brent 026D","21239","7","2835","6","3"
"E01001253","Ealing 030C","21248","7","2836","6","3"
"E01001174","Croydon 011A","21250","7","2837","6","3"
"E01003378","Merton 018B","21253","7","2838","6","3"
"E01001387","Ealing 032E","21258","7","2839","6","3"
"E01000797","Bromley 013E","21290","7","2840","6","3"
"E01003560","Newham 011B","21292","7","2841","6","3"
"E01002047","Haringey 027C","21304","7","2842","6","3"
"E01002912","Kensington and Chelsea 020E","21309","7","2843","6","3"
"E01000332","Bexley 005A","21311","7","2844","6","3"
"E01003114","Lambeth 032B","21313","7","2845","6","3"
"E01001243","Ealing 024D","21314","7","2846","6","3"
"E01004547","Wandsworth 029C","21317","7","2847","6","3"
"E01002403","Hillingdon 024D","21318","7","2848","6","3"
"E01002557","Hounslow 023A","21319","7","2849","6","3"
"E01003842","Richmond upon Thames 013C","21325","7","2850","6","3"
"E01004642","Wandsworth 016B","21326","7","2851","6","3"
"E01004484","Wandsworth 026E","21333","7","2852","6","3"
"E01001033","Croydon 031A","21340","7","2853","6","3"
"E01004166","Sutton 004B","21353","7","2854","6","3"
"E01001026","Croydon 043D","21354","7","2855","6","3"
"E01004529","Wandsworth 035E","21356","7","2856","6","3"
"E01001406","Enfield 015B","21362","7","2857","6","3"
"E01003654","Redbridge 004A","21363","7","2858","6","3"
"E01004503","Wandsworth 014C","21364","7","2859","6","3"
"E01002427","Hillingdon 018E","21366","7","2860","6","3"
"E01004488","Wandsworth 029B","21371","7","2861","6","3"
"E01002453","Hillingdon 014D","21375","7","2862","6","3"
"E01002373","Havering 027D","21376","7","2863","6","3"
"E01002349","Havering 029D","21383","7","2864","6","3"
"E01003343","Lewisham 006E","21385","7","2865","6","3"
"E01004614","Wandsworth 034A","21388","7","2866","6","3"
"E01002447","Hillingdon 031C","21391","7","2867","6","3"
"E01003118","Lambeth 029C","21410","7","2868","6","3"
"E01033789","Bexley 008H","21432","7","2869","6","3"
"E01002668","Hounslow 014A","21435","7","2870","6","3"
"E01002374","Havering 027E","21443","7","2871","6","3"
"E01002839","Kensington and Chelsea 013C","21445","7","2872","6","3"
"E01003284","Lewisham 013C","21450","7","2873","6","3"
"E01003123","Lambeth 006C","21459","7","2874","6","3"
"E01002927","Kingston upon Thames 008A","21467","7","2875","6","3"
"E01033915","Barnet 042A","21472","7","2876","6","3"
"E01003685","Redbridge 040D","21477","7","2877","6","3"
"E01004417","Waltham Forest 005C","21480","7","2878","6","3"
"E01001898","Hammersmith and Fulham 013C","21483","7","2879","6","3"
"E01000612","Brent 019B","21485","7","2880","6","3"
"E01002399","Hillingdon 021E","21489","7","2881","6","3"
"E01000507","Brent 018C","21495","7","2882","6","3"
"E01034202","Newham 022F","21499","7","2883","6","3"
"E01003067","Lambeth 033C","21501","7","2884","6","3"
"E01003741","Redbridge 031E","21519","7","2885","6","3"
"E01002653","Hounslow 019A","21525","7","2886","6","3"
"E01034216","Newham 038D","21532","7","2887","6","3"
"E01001165","Croydon 024C","21538","7","2888","6","3"
"E01004577","Wandsworth 003C","21545","7","2889","6","3"
"E01003372","Merton 008B","21557","7","2890","6","3"
"E01003140","Lambeth 035B","21560","7","2891","6","3"
"E01003074","Lambeth 018E","21564","7","2892","6","3"
"E01002398","Hillingdon 021D","21570","7","2893","6","3"
"E01002867","Kensington and Chelsea 009C","21574","7","2894","6","3"
"E01000370","Bexley 014D","21582","7","2895","6","3"
"E01032640","Southwark 035B","21587","7","2896","6","3"
"E01002739","Islington 013A","21589","7","2897","6","3"
"E01003217","Lewisham 022A","21604","7","2898","6","3"
"E01004392","Waltham Forest 017A","21617","7","2899","6","3"
"E01001619","Greenwich 030D","21624","7","2900","6","3"
"E01002589","Hounslow 013E","21630","7","2901","6","3"
"E01000323","Barnet 019F","21637","7","2902","6","3"
"E01003072","Lambeth 014A","21646","7","2903","6","3"
"E01003449","Merton 024B","21650","7","2904","6","3"
"E01004491","Wandsworth 031B","21663","7","2905","6","3"
"E01003002","Kingston upon Thames 016E","21668","7","2906","6","3"
"E01004527","Wandsworth 035C","21674","7","2907","6","3"
"E01000417","Bexley 006B","21676","7","2908","6","3"
"E01000895","Camden 002C","21693","7","2909","6","3"
"E01002414","Hillingdon 015A","21700","7","2910","6","3"
"E01001348","Ealing 007D","21701","7","2911","6","3"
"E01004401","Waltham Forest 014C","21704","7","2912","6","3"
"E01001467","Enfield 031D","21708","7","2913","6","3"
"E01033099","Wandsworth 004E","21719","7","2914","6","3"
"E01001346","Ealing 007B","21721","7","2915","6","3"
"E01003261","Lewisham 021D","21723","7","2916","6","3"
"E01002714","Islington 017D","21727","7","2917","6","3"
"E01001641","Greenwich 038B","21728","7","2918","6","3"
"E01003155","Lambeth 029E","21729","7","2919","6","3"
"E01002630","Hounslow 012A","21742","7","2920","6","3"
"E01002024","Haringey 022D","21745","7","2921","6","3"
"E01001058","Croydon 034A","21746","7","2922","6","3"
"E01002064","Haringey 036C","21752","7","2923","6","3"
"E01032768","Tower Hamlets 025E","21753","7","2924","6","3"
"E01001928","Hammersmith and Fulham 011A","21782","7","2925","6","3"
"E01034383","Bromley 005F","21788","7","2926","6","3"
"E01003533","Newham 011A","21793","7","2927","6","3"
"E01000987","Croydon 021C","21800","7","2928","6","3"
"E01003129","Lambeth 004E","21801","7","2929","6","3"
"E01000663","Bromley 026C","21810","7","2930","6","3"
"E01000726","Bromley 029B","21813","7","2931","6","3"
"E01035707","Camden 015F","21815","7","2932","6","3"
"E01034205","Newham 033E","21816","7","2933","6","3"
"E01003694","Redbridge 035E","21831","7","2934","6","3"
"E01001565","Enfield 029D","21837","7","2935","6","3"
"E01000590","Brent 001C","21842","7","2936","6","3"
"E01003247","Lewisham 001C","21852","7","2937","6","3"
"E01001499","Enfield 031F","21869","7","2938","6","3"
"E01000037","Barking and Dagenham 003B","21884","7","2939","6","3"
"E01003054","Lambeth 015C","21892","7","2940","6","3"
"E01000651","Bromley 020A","21900","7","2941","6","3"
"E01000006","Barking and Dagenham 016A","21901","7","2942","6","3"
"E01003730","Redbridge 032C","21911","7","2943","6","3"
"E01034155","Sutton 012F","21912","7","2944","6","3"
"E01001566","Enfield 029E","21918","7","2945","6","3"
"E01002141","Harrow 005B","21930","7","2946","6","3"
"E01000850","Camden 026A","21931","7","2947","6","3"
"E01003166","Lambeth 028D","21937","7","2948","6","3"
"E01003104","Lambeth 004C","21940","7","2949","6","3"
"E01003139","Lambeth 035A","21956","7","2950","6","3"
"E01003340","Lewisham 006C","21961","7","2951","6","3"
"E01004081","Sutton 011F","21973","7","2952","6","3"
"E01003110","Lambeth 002C","21974","7","2953","6","3"
"E01000411","Bexley 016D","21975","7","2954","6","3"
"E01001317","Ealing 003C","21977","7","2955","6","3"
"E01000113","Barking and Dagenham 002F","21980","7","2956","6","3"
"E01000286","Barnet 007E","21981","7","2957","6","3"
"E01003632","Newham 020B","21982","7","2958","6","3"
"E01000983","Croydon 017D","21988","7","2959","6","3"
"E01000418","Bexley 002B","21989","7","2960","6","3"
"E01033875","Southwark 012G","22004","7","2961","6","3"
"E01004412","Waltham Forest 015A","22009","7","2962","6","3"
"E01001352","Ealing 027D","22013","7","2963","6","3"
"E01003276","Lewisham 014D","22036","7","2964","6","3"
"E01004551","Wandsworth 012E","22037","7","2965","6","3"
"E01004465","Waltham Forest 015B","22045","7","2966","6","3"
"E01002212","Harrow 028B","22052","7","2967","6","3"
"E01000981","Croydon 017B","22054","7","2968","6","3"
"E01000459","Bexley 027F","22065","7","2969","6","3"
"E01003757","Redbridge 020D","22067","7","2970","6","3"
"E01002258","Havering 018C","22068","7","2971","6","3"
"E01000855","Camden 028A","22077","7","2972","6","3"
"E01000420","Bexley 006D","22085","7","2973","6","3"
"E01002250","Havering 017E","22088","7","2974","6","3"
"E01001304","Ealing 039D","22094","7","2975","6","3"
"E01000843","Camden 014A","22096","7","2976","6","3"
"E01004445","Waltham Forest 018C","22100","7","2977","6","3"
"E01002609","Hounslow 028B","22102","7","2978","6","3"
"E01003366","Merton 016A","22105","7","2979","6","3"
"E01033580","Newham 042A","22117","7","2980","6","3"
"E01001573","Greenwich 008C","22121","7","2981","6","3"
"E01004418","Waltham Forest 008D","22129","7","2982","6","3"
"E01002128","Harrow 020A","22140","7","2983","6","3"
"E01004372","Waltham Forest 023C","22141","7","2984","6","3"
"E01001405","Enfield 015A","22144","7","2985","6","3"
"E01004512","Wandsworth 019B","22149","7","2986","6","3"
"E01001034","Croydon 031B","22150","7","2987","6","3"
"E01035688","Tower Hamlets 021I","22155","7","2988","6","3"
"E01004307","Tower Hamlets 015B","22159","7","2989","6","3"
"E01001237","Ealing 031E","22169","7","2990","6","3"
"E01003142","Lambeth 035C","22185","7","2991","6","3"
"E01034204","Newham 025F","22203","7","2992","6","3"
"E01000218","Barnet 037C","22206","7","2993","6","3"
"E01004550","Wandsworth 017D","22212","7","2994","6","3"
"E01001659","Greenwich 034D","22217","7","2995","6","3"
"E01003026","Lambeth 019A","22224","7","2996","6","3"
"E01001074","Croydon 041E","22229","7","2997","6","3"
"E01002079","Haringey 012C","22250","7","2998","6","4"
"E01001295","Ealing 017B","22255","7","2999","7","4"
"E01001394","Enfield 035A","22261","7","3000","7","4"
"E01002361","Havering 020C","22266","7","3001","7","4"
"E01001322","Ealing 004C","22274","7","3002","7","4"
"E01034140","Croydon 015G","22281","7","3003","7","4"
"E01002497","Hillingdon 033B","22286","7","3004","7","4"
"E01002365","Havering 023D","22294","7","3005","7","4"
"E01033030","Hounslow 025G","22298","7","3006","7","4"
"E01003958","Southwark 032D","22302","7","3007","7","4"
"E01034472","Barking and Dagenham 008H","22304","7","3008","7","4"
"E01003956","Southwark 030C","22309","7","3009","7","4"
"E01001552","Enfield 001D","22319","7","3010","7","4"
"E01003149","Lambeth 030D","22341","7","3011","7","4"
"E01003534","Newham 010E","22343","7","3012","7","4"
"E01002369","Havering 028B","22345","7","3013","7","4"
"E01004391","Waltham Forest 014A","22353","7","3014","7","4"
"E01000886","Camden 006A","22376","7","3015","7","4"
"E01002833","Kensington and Chelsea 007A","22377","7","3016","7","4"
"E01001459","Enfield 024A","22379","7","3017","7","4"
"E01003115","Lambeth 034A","22382","7","3018","7","4"
"E01032775","Tower Hamlets 031F","22384","7","3019","7","4"
"E01002101","Haringey 007B","22391","7","3020","7","4"
"E01034225","Newham 042B","22393","7","3021","7","4"
"E01002785","Islington 008B","22402","7","3022","7","4"
"E01004634","Wandsworth 028B","22411","7","3023","7","4"
"E01001214","Ealing 023B","22416","7","3024","7","4"
"E01002485","Hillingdon 002F","22417","7","3025","7","4"
"E01003173","Lambeth 020C","22423","7","3026","7","4"
"E01002626","Hounslow 004C","22431","7","3027","7","4"
"E01035720","Westminster 021G","22435","7","3028","7","4"
"E01034597","Harrow 023G","22448","7","3029","7","4"
"E01001182","Croydon 011D","22450","7","3030","7","4"
"E01004612","Wandsworth 032C","22453","7","3031","7","4"
"E01004641","Wandsworth 011E","22462","7","3032","7","4"
"E01001075","Croydon 040C","22463","7","3033","7","4"
"E01000491","Brent 030B","22467","7","3034","7","4"
"E01004111","Sutton 016B","22486","7","3035","7","4"
"E01004018","Southwark 032E","22490","7","3036","7","4"
"E01034605","Hillingdon 015K","22491","7","3037","7","4"
"E01002013","Haringey 022A","22495","7","3038","7","4"
"E01033792","Bexley 019H","22502","7","3039","7","4"
"E01003429","Merton 019A","22510","7","3040","7","4"
"E01003495","Newham 025D","22521","7","3041","7","4"
"E01003448","Merton 023D","22525","7","3042","7","4"
"E01001065","Croydon 034E","22526","7","3043","7","4"
"E01001275","Ealing 041D","22528","7","3044","7","4"
"E01003952","Southwark 030A","22532","7","3045","7","4"
"E01004422","Waltham Forest 022A","22538","7","3046","7","4"
"E01000277","Barnet 012B","22555","7","3047","7","4"
"E01002501","Hillingdon 026B","22561","7","3048","7","4"
"E01003279","Lewisham 011D","22570","7","3049","7","4"
"E01000362","Bexley 015B","22577","7","3050","7","4"
"E01000555","Brent 015C","22578","7","3051","7","4"
"E01001511","Enfield 016D","22585","7","3052","7","4"
"E01033866","Lambeth 004J","22587","7","3053","7","4"
"E01001289","Ealing 022C","22592","7","3054","7","4"
"E01002241","Harrow 025D","22604","7","3055","7","4"
"E01034185","Greenwich 037G","22606","7","3056","7","4"
"E01004162","Sutton 018E","22611","7","3057","7","4"
"E01000268","Barnet 005B","22615","7","3058","7","4"
"E01000123","Barnet 010D","22628","7","3059","7","4"
"E01001293","Ealing 014E","22643","7","3060","7","4"
"E01001412","Enfield 004C","22651","7","3061","7","4"
"E01001542","Enfield 008E","22656","7","3062","7","4"
"E01002353","Havering 013B","22664","7","3063","7","4"
"E01004643","Wandsworth 016C","22665","7","3064","7","4"
"E01001556","Enfield 035E","22668","7","3065","7","4"
"E01000706","Bromley 013D","22669","7","3066","7","4"
"E01004684","Westminster 015C","22671","7","3067","7","4"
"E01002882","Kensington and Chelsea 006A","22673","7","3068","7","4"
"E01004462","Waltham Forest 011E","22674","7","3069","7","4"
"E01001923","Hammersmith and Fulham 020D","22685","7","3070","7","4"
"E01004583","Wandsworth 001D","22698","7","3071","7","4"
"E01001851","Hammersmith and Fulham 010A","22701","7","3072","7","4"
"E01034030","Ealing 042A","22706","7","3073","7","4"
"E01001615","Greenwich 028C","22711","7","3074","7","4"
"E01003571","Newham 008D","22715","7","3075","7","4"
"E01001106","Croydon 039C","22720","7","3076","7","4"
"E01001266","Ealing 006B","22729","7","3077","7","4"
"E01001598","Greenwich 031B","22732","7","3078","7","4"
"E01004096","Sutton 021B","22738","7","3079","7","4"
"E01000232","Barnet 013E","22740","7","3080","7","4"
"E01002962","Kingston upon Thames 006C","22743","7","3081","7","4"
"E01002295","Havering 010C","22767","7","3082","7","4"
"E01004636","Wandsworth 028D","22771","7","3083","7","4"
"E01004765","Westminster 013D","22776","7","3084","7","4"
"E01003206","Lewisham 007E","22782","7","3085","7","4"
"E01000871","Camden 005A","22785","7","3086","7","4"
"E01004291","Tower Hamlets 027A","22786","7","3087","7","4"
"E01002332","Havering 009C","22789","7","3088","7","4"
"E01002858","Kensington and Chelsea 014C","22800","7","3089","7","4"
"E01002985","Kingston upon Thames 007E","22803","7","3090","7","4"
"E01001194","Croydon 045D","22813","7","3091","7","4"
"E01002426","Hillingdon 021F","22823","7","3092","7","4"
"E01002436","Hillingdon 004B","22825","7","3093","7","4"
"E01004728","Westminster 003D","22830","7","3094","7","4"
"E01000243","Barnet 032C","22834","7","3095","7","4"
"E01002494","Hillingdon 009C","22850","7","3096","7","4"
"E01001484","Enfield 016C","22851","7","3097","7","4"
"E01003719","Redbridge 034F","22858","7","3098","7","4"
"E01001184","Croydon 011F","22860","7","3099","7","4"
"E01001085","Croydon 004A","22871","7","3100","7","4"
"E01000778","Bromley 024E","22882","7","3101","7","4"
"E01002999","Kingston upon Thames 013E","22889","7","3102","7","4"
"E01004492","Wandsworth 031C","22900","7","3103","7","4"
"E01004346","Waltham Forest 011B","22910","7","3104","7","4"
"E01001139","Croydon 007B","22919","7","3105","7","4"
"E01002601","Hounslow 027B","22924","7","3106","7","4"
"E01001404","Enfield 026A","22930","7","3107","7","4"
"E01000239","Barnet 031A","22931","7","3108","7","4"
"E01001217","Ealing 014A","22932","7","3109","7","4"
"E01002536","Hillingdon 009D","22934","7","3110","7","4"
"E01003134","Lambeth 027D","22950","7","3111","7","4"
"E01001360","Ealing 026B","22951","7","3112","7","4"
"E01000560","Brent 023D","22956","7","3113","7","4"
"E01000070","Barking and Dagenham 011D","22959","7","3114","7","4"
"E01000960","Camden 017A","22974","7","3115","7","4"
"E01035691","Tower Hamlets 023F","22980","7","3116","7","4"
"E01003165","Lambeth 025B","22983","7","3117","7","4"
"E01001829","Hackney 009C","22984","7","3118","7","4"
"E01002011","Haringey 030D","22985","7","3119","7","4"
"E01003706","Redbridge 010B","23004","7","3120","7","4"
"E01033924","Barnet 043D","23009","7","3121","7","4"
"E01034194","Greenwich 041B","23026","7","3122","7","4"
"E01003152","Lambeth 027E","23031","7","3123","7","4"
"E01001407","Enfield 005A","23040","7","3124","7","4"
"E01004292","Tower Hamlets 026A","23048","7","3125","7","4"
"E01003153","Lambeth 029D","23061","7","3126","7","4"
"E01003130","Lambeth 026A","23074","7","3127","7","4"
"E01002044","Haringey 027B","23075","7","3128","7","4"
"E01000369","Bexley 014C","23076","7","3129","7","4"
"E01000494","Brent 023B","23079","7","3130","7","4"
"E01002351","Havering 016C","23082","7","3131","7","4"
"E01002006","Haringey 035B","23098","7","3132","7","4"
"E01034191","Greenwich 040D","23124","7","3133","7","4"
"E01004395","Waltham Forest 018A","23128","7","3134","7","4"
"E01003409","Merton 013E","23129","7","3135","7","4"
"E01003690","Redbridge 035A","23130","7","3136","7","4"
"E01033592","Redbridge 037D","23131","7","3137","7","4"
"E01003863","Richmond upon Thames 004E","23132","7","3138","7","4"
"E01000975","Croydon 022A","23137","7","3139","7","4"
"E01003684","Redbridge 040E","23139","7","3140","7","4"
"E01000384","Bexley 027B","23142","7","3141","7","4"
"E01002265","Havering 025A","23149","7","3142","7","4"
"E01001268","Ealing 012D","23152","7","3143","7","4"
"E01000585","Brent 033F","23153","7","3144","7","4"
"E01002689","Hounslow 007E","23157","7","3145","7","4"
"E01001593","Greenwich 014C","23175","7","3146","7","4"
"E01002565","Hounslow 006B","23176","7","3147","7","4"
"E01035706","Tower Hamlets 036E","23177","7","3148","7","4"
"E01002943","Kingston upon Thames 020B","23182","7","3149","7","4"
"E01001069","Croydon 040A","23183","7","3150","7","4"
"E01003273","Lewisham 011A","23192","7","3151","7","4"
"E01035489","Wandsworth 004I","23206","7","3152","7","4"
"E01002948","Kingston upon Thames 020C","23216","7","3153","7","4"
"E01004232","Tower Hamlets 003C","23218","7","3154","7","4"
"E01000742","Bromley 005C","23219","7","3155","7","4"
"E01001969","Haringey 001A","23225","7","3156","7","4"
"E01001500","Enfield 035D","23228","7","3157","7","4"
"E01002438","Hillingdon 003A","23234","7","3158","7","4"
"E01002061","Haringey 036A","23246","7","3159","7","4"
"E01002177","Harrow 033H","23251","7","3160","7","4"
"E01000371","Bexley 014E","23255","7","3161","7","4"
"E01033862","Lambeth 003F","23273","7","3162","7","4"
"E01002998","Kingston upon Thames 016D","23276","7","3163","7","4"
"E01004463","Waltham Forest 012E","23279","7","3164","7","4"
"E01004481","Wandsworth 029A","23282","7","3165","7","4"
"E01002344","Havering 029B","23287","7","3166","7","4"
"E01003116","Lambeth 029A","23307","7","3167","7","4"
"E01004521","Wandsworth 037B","23308","7","3168","7","4"
"E01002450","Hillingdon 014A","23309","7","3169","7","4"
"E01002170","Harrow 033A","23323","7","3170","7","4"
"E01003618","Newham 012C","23326","7","3171","7","4"
"E01034478","Barking and Dagenham 019I","23349","7","3172","7","4"
"E01001918","Hammersmith and Fulham 018D","23388","7","3173","7","4"
"E01000906","Camden 012E","23390","7","3174","7","4"
"E01002017","Haringey 028B","23402","7","3175","7","4"
"E01003697","Redbridge 035H","23406","7","3176","7","4"
"E01000803","Bromley 004C","23410","7","3177","7","4"
"E01035499","Wandsworth 039C","23423","7","3178","7","4"
"E01004054","Southwark 001D","23424","7","3179","7","4"
"E01033916","Barnet 042B","23435","7","3180","7","4"
"E01001095","Croydon 031D","23436","7","3181","7","4"
"E01034386","Bromley 018G","23442","7","3182","7","4"
"E01034608","Hillingdon 022G","23448","7","3183","7","4"
"E01001658","Greenwich 034C","23452","7","3184","7","4"
"E01001291","Ealing 014C","23453","7","3185","7","4"
"E01001121","Croydon 039D","23463","7","3186","7","4"
"E01001451","Enfield 017A","23471","7","3187","7","4"
"E01002555","Hounslow 022A","23480","7","3188","7","4"
"E01001070","Croydon 040B","23481","7","3189","7","4"
"E01002518","Hillingdon 022C","23482","7","3190","7","4"
"E01003707","Redbridge 008A","23485","7","3191","7","4"
"E01001871","Hammersmith and Fulham 012E","23492","7","3192","7","4"
"E01002289","Havering 022B","23495","7","3193","7","4"
"E01001518","Enfield 016F","23500","7","3194","7","4"
"E01003529","Newham 010A","23504","7","3195","7","4"
"E01032572","Ealing 040D","23509","7","3196","7","4"
"E01034039","Hounslow 017G","23515","7","3197","7","4"
"E01002490","Hillingdon 030D","23531","7","3198","7","4"
"E01002159","Harrow 021A","23533","7","3199","7","4"
"E01000356","Bexley 009A","23535","7","3200","7","4"
"E01001901","Hammersmith and Fulham 019B","23543","7","3201","7","4"
"E01001948","Hammersmith and Fulham 021B","23546","7","3202","7","4"
"E01033946","Haringey 020H","23556","7","3203","7","4"
"E01004134","Sutton 003C","23557","7","3204","7","4"
"E01003692","Redbridge 035C","23561","7","3205","7","4"
"E01004499","Wandsworth 020A","23571","7","3206","7","4"
"E01003144","Lambeth 034C","23572","7","3207","7","4"
"E01001323","Ealing 004D","23573","7","3208","7","4"
"E01001179","Croydon 016D","23576","7","3209","7","4"
"E01004143","Sutton 014A","23578","7","3210","7","4"
"E01004572","Wandsworth 016A","23587","7","3211","7","4"
"E01004475","Wandsworth 026B","23593","7","3212","7","4"
"E01001536","Enfield 008B","23599","7","3213","7","4"
"E01002422","Hillingdon 018A","23601","7","3214","7","4"
"E01034607","Hillingdon 016H","23619","7","3215","7","4"
"E01002113","Harrow 002A","23621","7","3216","7","4"
"E01033939","Brent 027I","23637","8","3217","7","4"
"E01003834","Richmond upon Thames 022A","23638","8","3218","7","4"
"E01002925","Kingston upon Thames 013B","23648","8","3219","7","4"
"E01000400","Bexley 029C","23650","8","3220","7","4"
"E01000344","Bexley 025B","23654","8","3221","7","4"
"E01003260","Lewisham 021C","23662","8","3222","7","4"
"E01001137","Croydon 001A","23690","8","3223","7","4"
"E01004377","Waltham Forest 010C","23696","8","3224","7","4"
"E01001343","Ealing 005C","23707","8","3225","7","4"
"E01000674","Bromley 008A","23709","8","3226","7","4"
"E01000471","Brent 026A","23726","8","3227","7","4"
"E01002483","Hillingdon 002D","23727","8","3228","7","4"
"E01001865","Hammersmith and Fulham 008B","23735","8","3229","7","4"
"E01003700","Redbridge 006C","23736","8","3230","7","4"
"E01000963","Camden 017C","23738","8","3231","7","4"
"E01001157","Croydon 002B","23745","8","3232","7","4"
"E01004523","Wandsworth 036E","23750","8","3233","7","4"
"E01003435","Merton 014E","23753","8","3234","7","4"
"E01000592","Brent 001D","23761","8","3235","7","4"
"E01001973","Haringey 004D","23765","8","3236","7","4"
"E01002240","Harrow 024C","23770","8","3237","7","4"
"E01002231","Harrow 013E","23776","8","3238","7","4"
"E01033494","Islington 006G","23780","8","3239","7","4"
"E01001086","Croydon 003B","23781","8","3240","7","4"
"E01000383","Bexley 028B","23782","8","3241","7","4"
"E01000534","Brent 033D","23787","8","3242","7","4"
"E01002742","Islington 006A","23795","8","3243","7","4"
"E01003621","Newham 023C","23805","8","3244","7","4"
"E01002478","Hillingdon 002C","23813","8","3245","7","4"
"E01002219","Harrow 030B","23827","8","3246","7","4"
"E01034579","Merton 001G","23833","8","3247","7","4"
"E01002083","Haringey 019A","23839","8","3248","7","4"
"E01000639","Brent 022C","23843","8","3249","7","4"
"E01034143","Croydon 020H","23847","8","3250","7","4"
"E01001478","Enfield 016B","23850","8","3251","7","4"
"E01000541","Brent 004E","23869","8","3252","7","4"
"E01003693","Redbridge 035D","23872","8","3253","7","4"
"E01004362","Waltham Forest 021A","23893","8","3254","7","4"
"E01004421","Waltham Forest 018B","23894","8","3255","7","4"
"E01002237","Harrow 024A","23903","8","3256","7","4"
"E01002169","Harrow 017E","23912","8","3257","7","4"
"E01003934","Southwark 002C","23925","8","3258","7","4"
"E01001999","Haringey 023B","23926","8","3259","7","4"
"E01034231","Newham 042H","23927","8","3260","7","4"
"E01003718","Redbridge 034E","23935","8","3261","7","4"
"E01002910","Kensington and Chelsea 019C","23937","8","3262","7","4"
"E01004343","Waltham Forest 008A","23941","8","3263","7","4"
"E01035497","Wandsworth 038B","23942","8","3264","7","4"
"E01001411","Enfield 004B","23948","8","3265","7","4"
"E01003421","Merton 021E","23965","8","3266","7","4"
"E01000691","Bromley 002C","23971","8","3267","7","4"
"E01002587","Hounslow 016A","23979","8","3268","7","4"
"E01033133","Wandsworth 004G","23988","8","3269","7","4"
"E01034480","Redbridge 023E","23989","8","3270","7","4"
"E01000784","Bromley 002E","23990","8","3271","7","4"
"E01001313","Ealing 002D","23993","8","3272","7","4"
"E01002607","Hounslow 026D","23995","8","3273","7","4"
"E01003954","Southwark 030B","23999","8","3274","7","4"
"E01004192","Sutton 006C","24004","8","3275","7","4"
"E01003436","Merton 023B","24015","8","3276","7","4"
"E01034207","Newham 033G","24028","8","3277","7","4"
"E01004163","Sutton 005B","24033","8","3278","7","4"
"E01002677","Hounslow 015E","24052","8","3279","7","4"
"E01004498","Wandsworth 031D","24056","8","3280","7","4"
"E01002221","Harrow 030C","24073","8","3281","7","4"
"E01002499","Hillingdon 033D","24074","8","3282","7","4"
"E01003085","Lambeth 030C","24081","8","3283","7","4"
"E01003287","Lewisham 016D","24084","8","3284","7","4"
"E01034482","Redbridge 032F","24088","8","3285","7","4"
"E01003568","Newham 017A","24095","8","3286","7","4"
"E01001228","Ealing 019E","24098","8","3287","7","4"
"E01002984","Kingston upon Thames 012E","24099","8","3288","7","4"
"E01034474","Barking and Dagenham 015F","24100","8","3289","7","4"
"E01003787","Redbridge 026D","24103","8","3290","7","4"
"E01003225","Lewisham 015A","24109","8","3291","7","4"
"E01004442","Waltham Forest 021E","24122","8","3292","7","4"
"E01001381","Ealing 034D","24130","8","3293","7","4"
"E01001277","Ealing 011B","24142","8","3294","7","4"
"E01003353","Lewisham 030E","24163","8","3295","7","4"
"E01002662","Hounslow 017C","24172","8","3296","7","4"
"E01002114","Harrow 001B","24174","8","3297","7","4"
"E01000308","Barnet 036D","24178","8","3298","7","4"
"E01000069","Barking and Dagenham 011C","24183","8","3299","7","4"
"E01000425","Bexley 025D","24184","8","3300","7","4"
"E01001610","Greenwich 023C","24196","8","3301","7","4"
"E01000702","Bromley 013B","24205","8","3302","7","4"
"E01000845","Camden 014B","24218","8","3303","7","4"
"E01000414","Bexley 016E","24220","8","3304","7","4"
"E01002789","Islington 008D","24224","8","3305","7","4"
"E01002663","Hounslow 017D","24225","8","3306","7","4"
"E01002452","Hillingdon 014C","24236","8","3307","7","4"
"E01002010","Haringey 030C","24243","8","3308","7","4"
"E01004497","Wandsworth 024C","24250","8","3309","7","4"
"E01001587","Greenwich 016D","24251","8","3310","7","4"
"E01004624","Wandsworth 024E","24266","8","3311","7","4"
"E01003527","Newham 024B","24268","8","3312","7","4"
"E01004450","Waltham Forest 006A","24286","8","3313","7","4"
"E01000447","Bexley 023C","24293","8","3314","7","4"
"E01002420","Hillingdon 008C","24298","8","3315","7","4"
"E01001570","Enfield 026E","24308","8","3316","7","4"
"E01001933","Hammersmith and Fulham 011D","24315","8","3317","7","4"
"E01004697","Westminster 016D","24317","8","3318","7","4"
"E01002130","Harrow 020B","24327","8","3319","7","4"
"E01000593","Brent 001E","24329","8","3320","7","4"
"E01003469","Merton 020D","24337","8","3321","7","4"
"E01002944","Kingston upon Thames 019A","24340","8","3322","7","4"
"E01004419","Waltham Forest 008E","24341","8","3323","7","4"
"E01001991","Haringey 017A","24346","8","3324","7","4"
"E01002220","Harrow 031C","24360","8","3325","7","4"
"E01002428","Hillingdon 018F","24364","8","3326","7","4"
"E01004347","Waltham Forest 011C","24373","8","3327","7","4"
"E01000657","Bromley 039D","24381","8","3328","7","4"
"E01003434","Merton 017E","24382","8","3329","7","4"
"E01004383","Waltham Forest 007D","24400","8","3330","7","4"
"E01004749","Westminster 022B","24414","8","3331","7","4"
"E01000746","Bromley 005E","24427","8","3332","7","4"
"E01002631","Hounslow 004E","24430","8","3333","7","4"
"E01002184","Harrow 013D","24436","8","3334","7","4"
"E01000844","Camden 011B","24438","8","3335","7","4"
"E01002629","Hounslow 011E","24449","8","3336","7","4"
"E01004374","Waltham Forest 025C","24462","8","3337","7","4"
"E01002451","Hillingdon 014B","24471","8","3338","7","4"
"E01001073","Croydon 037A","24472","8","3339","7","4"
"E01003714","Redbridge 034B","24477","8","3340","7","4"
"E01001347","Ealing 007C","24484","8","3341","7","4"
"E01002336","Havering 008C","24491","8","3342","7","4"
"E01000624","Brent 005D","24518","8","3343","7","4"
"E01001583","Greenwich 021C","24522","8","3344","7","4"
"E01004077","Sutton 011B","24523","8","3345","7","4"
"E01000609","Brent 016C","24532","8","3346","7","4"
"E01002660","Hounslow 016C","24534","8","3347","7","4"
"E01000564","Brent 013A","24538","8","3348","7","4"
"E01002377","Havering 010D","24542","8","3349","7","4"
"E01002020","Haringey 021A","24549","8","3350","7","4"
"E01001931","Hammersmith and Fulham 011B","24552","8","3351","7","4"
"E01001504","Enfield 012B","24562","8","3352","7","4"
"E01000304","Barnet 020E","24591","8","3353","7","4"
"E01001403","Enfield 021E","24593","8","3354","7","4"
"E01032776","Tower Hamlets 034D","24596","8","3355","7","4"
"E01004483","Wandsworth 026D","24598","8","3356","7","4"
"E01002244","Havering 011A","24603","8","3357","7","4"
"E01002489","Hillingdon 030C","24606","8","3358","7","4"
"E01003371","Merton 005D","24618","8","3359","7","4"
"E01000512","Brent 018D","24630","8","3360","7","4"
"E01000825","Bromley 008G","24631","8","3361","7","4"
"E01000986","Croydon 021B","24636","8","3362","7","4"
"E01004338","Waltham Forest 027C","24638","8","3363","7","4"
"E01001345","Ealing 005D","24640","8","3364","7","4"
"E01001905","Hammersmith and Fulham 022B","24646","8","3365","7","4"
"E01001276","Ealing 011A","24649","8","3366","7","4"
"E01002448","Hillingdon 032B","24651","8","3367","7","4"
"E01002261","Havering 026B","24652","8","3368","7","4"
"E01003766","Redbridge 024A","24653","8","3369","7","4"
"E01003398","Merton 007E","24658","8","3370","7","4"
"E01001251","Ealing 030A","24665","8","3371","7","4"
"E01000194","Barnet 018C","24668","8","3372","7","4"
"E01000788","Bromley 029D","24679","8","3373","7","4"
"E01004281","Tower Hamlets 031D","24683","8","3374","7","4"
"E01000273","Barnet 008C","24687","8","3375","7","4"
"E01001225","Ealing 041A","24692","8","3376","7","4"
"E01004466","Waltham Forest 015C","24705","8","3377","7","4"
"E01033921","Barnet 043A","24719","8","3378","7","4"
"E01000238","Barnet 034B","24728","8","3379","7","4"
"E01000339","Bexley 025A","24747","8","3380","7","4"
"E01000274","Barnet 011C","24760","8","3381","7","4"
"E01033489","Islington 022G","24775","8","3382","7","4"
"E01001585","Greenwich 016B","24783","8","3383","7","4"
"E01000170","Barnet 006A","24788","8","3384","7","4"
"E01000146","Barnet 038D","24790","8","3385","7","4"
"E01001541","Enfield 008D","24791","8","3386","7","4"
"E01034034","Hounslow 014F","24796","8","3387","7","4"
"E01002473","Hillingdon 001A","24806","8","3388","7","4"
"E01003395","Merton 007B","24822","8","3389","7","4"
"E01003699","Redbridge 006B","24831","8","3390","7","4"
"E01003597","Newham 016C","24839","8","3391","7","4"
"E01003770","Redbridge 022B","24841","8","3392","7","4"
"E01034228","Newham 042E","24843","8","3393","7","4"
"E01004552","Wandsworth 008C","24844","8","3394","7","4"
"E01001881","Hammersmith and Fulham 017B","24871","8","3395","7","4"
"E01004032","Southwark 001B","24872","8","3396","7","4"
"E01002214","Harrow 031A","24891","8","3397","7","4"
"E01033936","Brent 020G","24892","8","3398","7","4"
"E01000180","Barnet 029C","24894","8","3399","7","4"
"E01000679","Bromley 020E","24897","8","3400","7","4"
"E01000299","Barnet 019A","24900","8","3401","7","4"
"E01003254","Lewisham 021A","24917","8","3402","7","4"
"E01004368","Waltham Forest 019E","24934","8","3403","7","4"
"E01032834","Southwark 035C","24936","8","3404","7","4"
"E01000285","Barnet 004A","24940","8","3405","7","4"
"E01002118","Harrow 002E","24949","8","3406","7","4"
"E01000665","Bromley 033A","24953","8","3407","7","4"
"E01002611","Hounslow 024D","24957","8","3408","7","4"
"E01003439","Merton 023C","24962","8","3409","7","4"
"E01003131","Lambeth 026B","24972","8","3410","7","4"
"E01001396","Enfield 036D","24974","8","3411","7","4"
"E01001569","Enfield 022E","24975","8","3412","7","4"
"E01002671","Hounslow 020C","24985","8","3413","7","4"
"E01004147","Sutton 007D","24986","8","3414","7","4"
"E01004709","Westminster 007E","25004","8","3415","7","4"
"E01000513","Brent 002A","25006","8","3416","7","4"
"E01002666","Hounslow 021E","25009","8","3417","7","4"
"E01003413","Merton 017A","25018","8","3418","7","4"
"E01001400","Enfield 021C","25027","8","3419","7","4"
"E01000328","Bexley 017B","25030","8","3420","7","4"
"E01002383","Havering 010F","25031","8","3421","7","4"
"E01000489","Brent 030A","25032","8","3422","7","4"
"E01001401","Enfield 016A","25034","8","3423","7","4"
"E01002381","Havering 012F","25037","8","3424","7","4"
"E01003936","Southwark 009A","25038","8","3425","7","4"
"E01032570","Bromley 042D","25039","8","3426","7","4"
"E01002294","Havering 007B","25056","8","3427","7","4"
"E01002464","Hillingdon 011E","25073","8","3428","7","4"
"E01001473","Enfield 013C","25077","8","3429","7","4"
"E01004446","Waltham Forest 017E","25082","8","3430","7","4"
"E01004520","Wandsworth 036D","25086","8","3431","7","4"
"E01004164","Sutton 004A","25095","8","3432","7","4"
"E01001223","Ealing 041B","25100","8","3433","7","4"
"E01033930","Brent 002G","25102","8","3434","7","4"
"E01003949","Southwark 032A","25108","8","3435","7","4"
"E01002204","Harrow 032A","25116","8","3436","7","4"
"E01000334","Bexley 006A","25127","8","3437","7","4"
"E01004468","Waltham Forest 015E","25132","8","3438","7","4"
"E01001904","Hammersmith and Fulham 022A","25138","8","3439","7","4"
"E01000288","Barnet 004C","25139","8","3440","7","4"
"E01000837","Bromley 030D","25172","8","3441","7","4"
"E01002364","Havering 023C","25183","8","3442","7","4"
"E01002692","Hounslow 029C","25194","8","3443","7","4"
"E01001680","Greenwich 020B","25206","8","3444","7","4"
"E01000252","Barnet 002E","25208","8","3445","7","4"
"E01002119","Harrow 007A","25215","8","3446","7","4"
"E01002366","Havering 023E","25216","8","3447","7","4"
"E01000222","Barnet 040C","25222","8","3448","7","4"
"E01000473","Brent 029B","25242","8","3449","7","4"
"E01000231","Barnet 013D","25244","8","3450","7","4"
"E01000316","Barnet 027E","25255","8","3451","7","4"
"E01002070","Haringey 024C","25257","8","3452","7","4"
"E01002418","Hillingdon 006A","25266","8","3453","7","4"
"E01002127","Harrow 023B","25269","8","3454","7","4"
"E01001866","Hammersmith and Fulham 012A","25297","8","3455","7","4"
"E01033788","Havering 017I","25298","8","3456","7","4"
"E01004366","Waltham Forest 019C","25299","8","3457","7","4"
"E01034603","Hillingdon 015I","25307","8","3458","7","4"
"E01002498","Hillingdon 033C","25310","8","3459","7","4"
"E01001016","Croydon 041B","25313","8","3460","7","4"
"E01000812","Bromley 028D","25324","8","3461","7","4"
"E01034213","Newham 038A","25334","8","3462","7","4"
"E01034043","Hounslow 030B","25335","8","3463","7","4"
"E01034210","Newham 034L","25336","8","3464","7","4"
"E01000458","Bexley 027E","25343","8","3465","7","4"
"E01002236","Harrow 011E","25346","8","3466","7","4"
"E01000340","Bexley 018A","25352","8","3467","7","4"
"E01002632","Hounslow 010C","25357","8","3468","7","4"
"E01003767","Redbridge 024B","25363","8","3469","7","4"
"E01003419","Merton 025C","25366","8","3470","7","4"
"E01003407","Merton 008E","25367","8","3471","7","4"
"E01002949","Kingston upon Thames 020D","25382","8","3472","7","4"
"E01000343","Bexley 022C","25388","8","3473","7","4"
"E01001259","Ealing 014B","25389","8","3474","7","4"
"E01004051","Southwark 027E","25391","8","3475","7","4"
"E01000727","Bromley 028A","25392","8","3476","7","4"
"E01000453","Bexley 013B","25395","8","3477","7","4"
"E01034183","Greenwich 037E","25408","8","3478","7","4"
"E01003833","Richmond upon Thames 020F","25410","8","3479","7","4"
"E01004647","Westminster 001A","25413","8","3480","7","4"
"E01003285","Lewisham 016C","25416","8","3481","7","4"
"E01001520","Enfield 019A","25423","8","3482","7","4"
"E01033928","Enfield 020G","25424","8","3483","7","4"
"E01000616","Brent 020A","25426","8","3484","7","4"
"E01000685","Bromley 037B","25432","8","3485","7","4"
"E01000747","Bromley 042B","25435","8","3486","7","4"
"E01034484","Redbridge 032H","25444","8","3487","7","4"
"E01001068","Croydon 042A","25446","8","3488","7","4"
"E01002260","Havering 026A","25447","8","3489","7","4"
"E01000346","Bexley 021A","25454","8","3490","7","4"
"E01000193","Barnet 018B","25457","8","3491","7","4"
"E01004447","Waltham Forest 016F","25458","8","3492","7","4"
"E01001312","Ealing 002C","25462","8","3493","7","4"
"E01002941","Kingston upon Thames 018B","25468","8","3494","7","4"
"E01004396","Waltham Forest 012A","25470","8","3495","7","4"
"E01001512","Enfield 015D","25476","8","3496","7","4"
"E01000816","Bromley 040A","25477","8","3497","7","4"
"E01000377","Bexley 019D","25482","8","3498","8","4"
"E01001596","Greenwich 032A","25490","8","3499","8","4"
"E01002343","Havering 029A","25493","8","3500","8","4"
"E01002372","Havering 027C","25498","8","3501","8","4"
"E01004171","Sutton 010A","25506","8","3502","8","4"
"E01004345","Waltham Forest 010A","25507","8","3503","8","4"
"E01003271","Lewisham 023E","25512","8","3504","8","4"
"E01001869","Hammersmith and Fulham 010D","25523","8","3505","8","4"
"E01002594","Hounslow 024C","25525","8","3506","8","4"
"E01000284","Barnet 012D","25537","8","3507","8","4"
"E01003664","Redbridge 037B","25556","8","3508","8","4"
"E01004357","Waltham Forest 001E","25557","8","3509","8","4"
"E01003638","Redbridge 017A","25562","8","3510","8","4"
"E01003705","Redbridge 010A","25564","8","3511","8","4"
"E01000993","Croydon 021D","25565","8","3512","8","4"
"E01001212","Ealing 018F","25566","8","3513","8","4"
"E01000419","Bexley 006C","25570","8","3514","8","4"
"E01000413","Bexley 018F","25571","8","3515","8","4"
"E01000581","Brent 030E","25574","8","3516","8","4"
"E01032637","Southwark 035E","25580","8","3517","8","4"
"E01001133","Croydon 026E","25581","8","3518","8","4"
"E01003790","Redbridge 027A","25583","8","3519","8","4"
"E01003772","Redbridge 024D","25584","8","3520","8","4"
"E01033917","Barnet 042C","25588","8","3521","8","4"
"E01004359","Waltham Forest 002E","25591","8","3522","8","4"
"E01002223","Harrow 031D","25601","8","3523","8","4"
"E01003662","Redbridge 038C","25602","8","3524","8","4"
"E01000244","Barnet 032D","25605","8","3525","8","4"
"E01000478","Brent 029D","25611","8","3526","8","4"
"E01003754","Redbridge 020C","25618","8","3527","8","4"
"E01034578","Merton 001F","25619","8","3528","8","4"
"E01001657","Greenwich 034B","25624","8","3529","8","4"
"E01001408","Enfield 004A","25627","8","3530","8","4"
"E01003368","Merton 008A","25629","8","3531","8","4"
"E01003532","Newham 010D","25638","8","3532","8","4"
"E01001163","Croydon 002E","25644","8","3533","8","4"
"E01003843","Richmond upon Thames 013D","25658","8","3534","8","4"
"E01001341","Ealing 005A","25660","8","3535","8","4"
"E01002268","Havering 010A","25676","8","3536","8","4"
"E01000828","Bromley 011E","25682","8","3537","8","4"
"E01003640","Redbridge 013B","25688","8","3538","8","4"
"E01004635","Wandsworth 028C","25695","8","3539","8","4"
"E01002327","Havering 009A","25713","8","3540","8","4"
"E01003270","Lewisham 023D","25716","8","3541","8","4"
"E01002616","Hounslow 027E","25718","8","3542","8","4"
"E01002544","Hillingdon 023B","25727","8","3543","8","4"
"E01001498","Enfield 029B","25740","8","3544","8","4"
"E01002302","Havering 005A","25750","8","3545","8","4"
"E01001342","Ealing 005B","25754","8","3546","8","4"
"E01001200","Ealing 025A","25757","8","3547","8","4"
"E01000518","Brent 005A","25760","8","3548","8","4"
"E01001288","Ealing 022B","25772","8","3549","8","4"
"E01000971","Camden 010C","25781","8","3550","8","4"
"E01000215","Barnet 037B","25783","8","3551","8","4"
"E01002700","Islington 017C","25787","8","3552","8","4"
"E01002945","Kingston upon Thames 019B","25793","8","3553","8","4"
"E01001284","Ealing 022A","25802","8","3554","8","4"
"E01003394","Merton 007A","25810","8","3555","8","4"
"E01001415","Enfield 011A","25812","8","3556","8","4"
"E01000487","Brent 006E","25813","8","3557","8","4"
"E01000187","Barnet 014B","25816","8","3558","8","4"
"E01002203","Harrow 010E","25823","8","3559","8","4"
"E01000708","Bromley 041B","25837","8","3560","8","4"
"E01001913","Hammersmith and Fulham 014C","25841","8","3561","8","4"
"E01002433","Hillingdon 004A","25845","8","3562","8","4"
"E01003713","Redbridge 034A","25846","8","3563","8","4"
"E01002636","Hounslow 010E","25847","8","3564","8","4"
"E01001915","Hammersmith and Fulham 024A","25851","8","3565","8","4"
"E01000790","Bromley 028C","25853","8","3566","8","4"
"E01034181","Greenwich 035H","25856","8","3567","8","4"
"E01002463","Hillingdon 013B","25858","8","3568","8","4"
"E01004139","Sutton 013D","25860","8","3569","8","4"
"E01001413","Enfield 004D","25878","8","3570","8","4"
"E01004485","Wandsworth 030B","25886","8","3571","8","4"
"E01004620","Wandsworth 019C","25897","8","3572","8","4"
"E01004118","Sutton 009B","25900","8","3573","8","4"
"E01001525","Enfield 020E","25913","8","3574","8","4"
"E01004451","Waltham Forest 005D","25920","8","3575","8","4"
"E01003691","Redbridge 035B","25924","8","3576","8","4"
"E01034394","Lewisham 040C","25928","8","3577","8","4"
"E01002570","Hounslow 001B","25930","8","3578","8","4"
"E01001292","Ealing 014D","25934","8","3579","8","4"
"E01002129","Harrow 023C","25936","8","3580","8","4"
"E01034593","Harrow 015E","25945","8","3581","8","4"
"E01003675","Redbridge 036A","25952","8","3582","8","4"
"E01004351","Waltham Forest 001C","25953","8","3583","8","4"
"E01002974","Kingston upon Thames 005E","25958","8","3584","8","4"
"E01001032","Croydon 035A","25963","8","3585","8","4"
"E01000654","Bromley 039A","25964","8","3586","8","4"
"E01000795","Bromley 032E","25965","8","3587","8","4"
"E01000686","Bromley 037C","25977","8","3588","8","4"
"E01000576","Brent 012C","25980","8","3589","8","4"
"E01000673","Bromley 011B","26009","8","3590","8","4"
"E01000387","Bexley 027C","26017","8","3591","8","4"
"E01034599","Harrow 027E","26021","8","3592","8","4"
"E01035719","Westminster 021F","26022","8","3593","8","4"
"E01002986","Kingston upon Thames 008E","26025","8","3594","8","4"
"E01002513","Hillingdon 013D","26047","8","3595","8","4"
"E01033083","Hounslow 018F","26061","8","3596","8","4"
"E01001922","Hammersmith and Fulham 020C","26071","8","3597","8","4"
"E01004086","Sutton 019B","26080","8","3598","8","4"
"E01034141","Croydon 020F","26096","8","3599","8","4"
"E01034033","Hounslow 006H","26103","8","3600","8","4"
"E01002979","Kingston upon Thames 015C","26104","8","3601","8","4"
"E01002657","Hounslow 018E","26109","8","3602","8","4"
"E01002175","Harrow 033F","26114","8","3603","8","4"
"E01003064","Lambeth 028A","26115","8","3604","8","4"
"E01000514","Brent 002B","26116","8","3605","8","4"
"E01001227","Ealing 019D","26117","8","3606","8","4"
"E01034217","Newham 038E","26122","8","3607","8","4"
"E01000260","Barnet 025E","26133","8","3608","8","4"
"E01000144","Barnet 038C","26139","8","3609","8","4"
"E01034391","Lewisham 020G","26141","8","3610","8","4"
"E01000580","Brent 032B","26162","8","3611","8","4"
"E01000412","Bexley 018E","26167","8","3612","8","4"
"E01001020","Croydon 044C","26171","8","3613","8","4"
"E01002183","Harrow 013C","26175","8","3614","8","4"
"E01003777","Redbridge 014D","26196","8","3615","8","4"
"E01004486","Wandsworth 026F","26209","8","3616","8","4"
"E01000124","Barnet 010E","26216","8","3617","8","4"
"E01002329","Havering 011D","26250","8","3618","8","4"
"E01000452","Bexley 009G","26276","8","3619","8","4"
"E01000389","Bexley 020E","26280","8","3620","8","4"
"E01001071","Croydon 042B","26282","8","3621","8","4"
"E01002994","Kingston upon Thames 016A","26301","8","3622","8","4"
"E01004663","Westminster 012E","26302","8","3623","8","4"
"E01000247","Barnet 002C","26308","8","3624","8","4"
"E01001062","Croydon 026A","26309","8","3625","8","4"
"E01003167","Lambeth 028E","26338","8","3626","8","4"
"E01001962","Haringey 004A","26351","8","3627","8","4"
"E01004360","Waltham Forest 004B","26374","8","3628","8","4"
"E01003393","Merton 008C","26378","8","3629","8","4"
"E01034041","Hounslow 018I","26387","8","3630","8","4"
"E01000873","Camden 005C","26390","8","3631","8","4"
"E01002298","Havering 007D","26392","8","3632","8","4"
"E01004610","Wandsworth 033C","26394","8","3633","8","4"
"E01002495","Hillingdon 010E","26397","8","3634","8","4"
"E01001207","Ealing 018D","26401","8","3635","8","4"
"E01000230","Barnet 013C","26404","8","3636","8","4"
"E01033571","Richmond upon Thames 004H","26411","8","3637","8","4"
"E01035642","Hackney 025G","26426","8","3638","8","4"
"E01004297","Tower Hamlets 027C","26430","8","3639","8","4"
"E01000653","Bromley 016D","26431","8","3640","8","4"
"E01002652","Hounslow 021D","26435","8","3641","8","4"
"E01000629","Brent 005E","26445","8","3642","8","4"
"E01032577","Hillingdon 033E","26452","8","3643","8","4"
"E01000472","Brent 029A","26456","8","3644","8","4"
"E01002971","Kingston upon Thames 005C","26458","8","3645","8","4"
"E01001245","Ealing 024F","26461","8","3646","8","4"
"E01003456","Merton 003C","26466","8","3647","8","4"
"E01000321","Barnet 012E","26467","8","3648","8","4"
"E01001258","Ealing 010B","26469","8","3649","8","4"
"E01002975","Kingston upon Thames 012A","26474","8","3650","8","4"
"E01004476","Wandsworth 021C","26476","8","3651","8","4"
"E01001998","Haringey 023A","26488","8","3652","8","4"
"E01004234","Tower Hamlets 003E","26503","8","3653","8","4"
"E01003369","Merton 005B","26505","8","3654","8","4"
"E01000352","Bexley 021D","26508","8","3655","8","4"
"E01000824","Bromley 008F","26509","8","3656","8","4"
"E01002416","Hillingdon 008A","26516","8","3657","8","4"
"E01001350","Ealing 027C","26517","8","3658","8","4"
"E01002567","Hounslow 006C","26535","8","3659","8","4"
"E01004218","Tower Hamlets 030D","26557","8","3660","8","4"
"E01004070","Southwark 031B","26578","8","3661","8","4"
"E01004482","Wandsworth 030A","26583","8","3662","8","4"
"E01001198","Ealing 021C","26615","8","3663","8","4"
"E01002062","Haringey 034D","26623","8","3664","8","4"
"E01000463","Bexley 025E","26658","8","3665","8","4"
"E01003753","Redbridge 020B","26659","8","3666","8","4"
"E01001450","Enfield 015C","26661","8","3667","8","4"
"E01001888","Hammersmith and Fulham 018A","26668","8","3668","8","4"
"E01003957","Southwark 032C","26672","8","3669","8","4"
"E01004137","Sutton 012A","26679","8","3670","8","4"
"E01033582","Newham 041B","26696","8","3671","8","4"
"E01001309","Ealing 001C","26697","8","3672","8","4"
"E01004100","Sutton 015D","26698","8","3673","8","4"
"E01000236","Barnet 034A","26713","8","3674","8","4"
"E01002218","Harrow 030A","26722","8","3675","8","4"
"E01001383","Ealing 028D","26725","8","3676","8","4"
"E01003396","Merton 007C","26731","8","3677","8","4"
"E01003703","Redbridge 006F","26737","8","3678","8","4"
"E01001950","Hammersmith and Fulham 021D","26740","8","3679","8","4"
"E01000440","Bexley 007D","26756","8","3680","8","4"
"E01003683","Redbridge 040C","26757","8","3681","8","4"
"E01000160","Barnet 015C","26771","8","3682","8","4"
"E01002328","Havering 009B","26782","8","3683","8","4"
"E01001120","Croydon 033A","26788","8","3684","8","4"
"E01003033","Lambeth 019E","26789","8","3685","8","4"
"E01003163","Lambeth 023F","26790","8","3686","8","4"
"E01001929","Hammersmith and Fulham 009D","26806","8","3687","8","4"
"E01001605","Greenwich 023A","26808","8","3688","8","4"
"E01002322","Havering 021C","26811","8","3689","8","4"
"E01004276","Tower Hamlets 031C","26812","8","3690","8","4"
"E01002274","Havering 014B","26814","8","3691","8","4"
"E01000211","Barnet 035C","26816","8","3692","8","4"
"E01004601","Wandsworth 018D","26819","8","3693","8","4"
"E01002617","Hounslow 028D","26826","8","3694","8","4"
"E01001497","Enfield 031E","26828","8","3695","8","4"
"E01002367","Havering 020E","26839","8","3696","8","4"
"E01033728","Greenwich 035C","26841","8","3697","8","4"
"E01003392","Merton 013D","26846","8","3698","8","4"
"E01000426","Bexley 026B","26849","8","3699","8","4"
"E01000989","Croydon 018A","26866","8","3700","8","4"
"E01000347","Bexley 021B","26880","8","3701","8","4"
"E01003945","Southwark 033A","26893","8","3702","8","4"
"E01002162","Harrow 015C","26901","8","3703","8","4"
"E01002655","Hounslow 019C","26908","8","3704","8","4"
"E01004748","Westminster 020E","26914","8","3705","8","4"
"E01000655","Bromley 039B","26921","8","3706","8","4"
"E01001290","Ealing 022D","26926","8","3707","8","4"
"E01001255","Ealing 028C","26932","8","3708","8","4"
"E01000492","Brent 030C","26933","8","3709","8","4"
"E01004073","Southwark 031C","26934","8","3710","8","4"
"E01002641","Hounslow 018A","26947","8","3711","8","4"
"E01002320","Havering 021A","26959","8","3712","8","4"
"E01000157","Barnet 022B","26969","8","3713","8","4"
"E01002474","Hillingdon 002B","26973","8","3714","8","4"
"E01004161","Sutton 014E","26978","8","3715","8","4"
"E01000156","Barnet 022A","26988","8","3716","8","4"
"E01004082","Sutton 011G","26990","8","3717","8","4"
"E01000717","Bromley 011D","26992","8","3718","8","4"
"E01002161","Harrow 021C","26994","8","3719","8","4"
"E01000437","Bexley 007A","26998","8","3720","8","4"
"E01002659","Hounslow 019E","27007","9","3721","8","4"
"E01002466","Hillingdon 010B","27024","9","3722","8","4"
"E01004149","Sutton 012E","27027","9","3723","8","4"
"E01003739","Redbridge 031C","27035","9","3724","8","4"
"E01000991","Croydon 018B","27037","9","3725","8","4"
"E01000341","Bexley 022A","27042","9","3726","8","4"
"E01000620","Brent 020B","27043","9","3727","8","4"
"E01000363","Bexley 020D","27044","9","3728","8","4"
"E01004103","Sutton 013B","27045","9","3729","8","4"
"E01001235","Ealing 042D","27046","9","3730","8","4"
"E01000388","Bexley 016A","27051","9","3731","8","4"
"E01003740","Redbridge 031D","27053","9","3732","8","4"
"E01000399","Bexley 029B","27056","9","3733","8","4"
"E01001563","Enfield 029C","27064","9","3734","8","4"
"E01003698","Redbridge 006A","27074","9","3735","8","4"
"E01002869","Kensington and Chelsea 009E","27080","9","3736","8","4"
"E01003356","Merton 009B","27083","9","3737","8","4"
"E01003710","Redbridge 008D","27093","9","3738","8","4"
"E01002468","Hillingdon 010C","27095","9","3739","8","4"
"E01000516","Brent 002C","27096","9","3740","8","4"
"E01003782","Redbridge 026B","27097","9","3741","8","4"
"E01004102","Sutton 015E","27098","9","3742","8","4"
"E01004146","Sutton 007C","27105","9","3743","8","4"
"E01002296","Havering 007C","27110","9","3744","8","4"
"E01000364","Bexley 023A","27115","9","3745","8","4"
"E01003414","Merton 017B","27147","9","3746","8","4"
"E01034174","Greenwich 034F","27153","9","3747","8","4"
"E01000216","Barnet 035E","27165","9","3748","8","4"
"E01000158","Barnet 015A","27166","9","3749","8","4"
"E01000802","Bromley 004B","27171","9","3750","8","4"
"E01003906","Richmond upon Thames 010B","27176","9","3751","8","4"
"E01000296","Barnet 023C","27177","9","3752","8","4"
"E01033929","Brent 002F","27178","9","3753","8","4"
"E01000658","Bromley 042A","27184","9","3754","8","4"
"E01002443","Hillingdon 032A","27189","9","3755","8","4"
"E01000669","Bromley 020C","27192","9","3756","8","4"
"E01000615","Brent 036A","27195","9","3757","8","4"
"E01002628","Hounslow 011D","27198","9","3758","8","4"
"E01004500","Wandsworth 014A","27199","9","3759","8","4"
"E01000573","Brent 007B","27209","9","3760","8","4"
"E01002461","Hillingdon 013A","27211","9","3761","8","4"
"E01000225","Barnet 037F","27214","9","3762","8","4"
"E01001204","Ealing 018A","27217","9","3763","8","4"
"E01002202","Harrow 012E","27220","9","3764","8","4"
"E01000203","Barnet 028E","27223","9","3765","8","4"
"E01000883","Camden 008C","27225","9","3766","8","4"
"E01001457","Enfield 010A","27226","9","3767","8","4"
"E01002238","Harrow 024B","27232","9","3768","8","4"
"E01003370","Merton 005C","27235","9","3769","8","4"
"E01001751","Hackney 031B","27236","9","3770","8","4"
"E01004518","Wandsworth 036B","27248","9","3771","8","4"
"E01033943","Haringey 015E","27250","9","3772","8","4"
"E01003814","Richmond upon Thames 019C","27256","9","3773","8","4"
"E01002186","Harrow 009B","27258","9","3774","8","4"
"E01000823","Bromley 008E","27259","9","3775","8","4"
"E01002639","Hounslow 012B","27270","9","3776","8","4"
"E01000723","Bromley 029A","27273","9","3777","8","4"
"E01004441","Waltham Forest 024E","27276","9","3778","8","4"
"E01004736","Westminster 018C","27279","9","3779","8","4"
"E01002263","Havering 026D","27312","9","3780","8","4"
"E01001230","Ealing 031B","27333","9","3781","8","4"
"E01003455","Merton 005E","27335","9","3782","8","4"
"E01003798","Richmond upon Thames 001B","27336","9","3783","8","4"
"E01001310","Ealing 001D","27338","9","3784","8","4"
"E01002472","Hillingdon 002A","27341","9","3785","8","4"
"E01000361","Bexley 020C","27351","9","3786","8","4"
"E01001374","Ealing 040A","27353","9","3787","8","4"
"E01002347","Havering 030D","27355","9","3788","8","4"
"E01004553","Wandsworth 015A","27359","9","3789","8","4"
"E01002318","Havering 014D","27374","9","3790","8","4"
"E01002285","Havering 025B","27375","9","3791","8","4"
"E01000442","Bexley 006E","27378","9","3792","8","4"
"E01001538","Enfield 009A","27379","9","3793","8","4"
"E01002661","Hounslow 016D","27393","9","3794","8","4"
"E01034606","Hillingdon 016G","27394","9","3795","8","4"
"E01002229","Harrow 003C","27399","9","3796","8","4"
"E01001254","Ealing 030D","27401","9","3797","8","4"
"E01034594","Harrow 015F","27402","9","3798","8","4"
"E01033940","Brent 035B","27403","9","3799","8","4"
"E01002124","Harrow 010A","27404","9","3800","8","4"
"E01000224","Barnet 040D","27412","9","3801","8","4"
"E01001527","Enfield 036F","27413","9","3802","8","4"
"E01004514","Wandsworth 012C","27425","9","3803","8","4"
"E01000313","Barnet 036F","27444","9","3804","8","4"
"E01004659","Westminster 008A","27445","9","3805","8","4"
"E01004153","Sutton 021E","27447","9","3806","8","4"
"E01000646","Bromley 016A","27453","9","3807","8","4"
"E01000480","Brent 006A","27458","9","3808","8","4"
"E01002157","Harrow 019C","27466","9","3809","8","4"
"E01002273","Havering 015C","27471","9","3810","8","4"
"E01002187","Harrow 009C","27472","9","3811","8","4"
"E01001494","Enfield 026C","27478","9","3812","8","4"
"E01034037","Hounslow 015G","27482","9","3813","8","4"
"E01002625","Hounslow 004B","27483","9","3814","8","4"
"E01002815","Kensington and Chelsea 011B","27486","9","3815","8","4"
"E01000237","Barnet 032A","27496","9","3816","8","4"
"E01034227","Newham 042D","27503","9","3817","8","4"
"E01002275","Havering 015D","27508","9","3818","8","4"
"E01000342","Bexley 022B","27510","9","3819","8","4"
"E01002382","Havering 014F","27511","9","3820","8","4"
"E01001949","Hammersmith and Fulham 021C","27513","9","3821","8","4"
"E01002288","Havering 025D","27515","9","3822","8","4"
"E01004608","Wandsworth 006E","27517","9","3823","8","4"
"E01002955","Kingston upon Thames 002C","27518","9","3824","8","4"
"E01001539","Enfield 009B","27519","9","3825","8","4"
"E01000322","Barnet 011E","27521","9","3826","8","4"
"E01003227","Lewisham 019B","27530","9","3827","8","4"
"E01001907","Hammersmith and Fulham 022D","27535","9","3828","8","4"
"E01000683","Bromley 035C","27546","9","3829","8","4"
"E01000687","Bromley 037D","27548","9","3830","8","4"
"E01003199","Lewisham 007A","27551","9","3831","8","4"
"E01002915","Kingston upon Thames 014A","27562","9","3832","8","4"
"E01004545","Wandsworth 027B","27566","9","3833","8","4"
"E01004579","Wandsworth 004B","27568","9","3834","8","4"
"E01000530","Brent 033A","27575","9","3835","8","4"
"E01002446","Hillingdon 031B","27578","9","3836","8","4"
"E01003844","Richmond upon Thames 013E","27579","9","3837","8","4"
"E01002981","Kingston upon Thames 012D","27581","9","3838","8","4"
"E01003226","Lewisham 019A","27594","9","3839","8","4"
"E01034385","Bromley 018F","27596","9","3840","8","4"
"E01002946","Kingston upon Thames 019C","27598","9","3841","8","4"
"E01000456","Bexley 013E","27610","9","3842","8","4"
"E01001584","Greenwich 021D","27613","9","3843","8","4"
"E01001419","Enfield 020A","27618","9","3844","8","4"
"E01002230","Harrow 003D","27620","9","3845","8","4"
"E01003786","Redbridge 026C","27640","9","3846","8","4"
"E01002182","Harrow 020D","27647","9","3847","8","4"
"E01000713","Bromley 012B","27661","9","3848","8","4"
"E01002216","Harrow 028C","27663","9","3849","8","4"
"E01002160","Harrow 021B","27672","9","3850","8","4"
"E01003701","Redbridge 006D","27678","9","3851","8","4"
"E01034612","Hillingdon 027I","27679","9","3852","8","4"
"E01033569","Kingston upon Thames 004G","27697","9","3853","8","4"
"E01002614","Hounslow 027D","27706","9","3854","8","4"
"E01000300","Barnet 019B","27708","9","3855","8","4"
"E01004717","Westminster 011D","27714","9","3856","8","4"
"E01004354","Waltham Forest 002C","27719","9","3857","8","4"
"E01001211","Ealing 013B","27720","9","3858","8","4"
"E01003764","Redbridge 009F","27729","9","3859","8","4"
"E01003386","Merton 013A","27733","9","3860","8","4"
"E01001402","Enfield 021D","27734","9","3861","8","4"
"E01001617","Greenwich 028D","27737","9","3862","8","4"
"E01003855","Richmond upon Thames 003D","27749","9","3863","8","4"
"E01000192","Barnet 018A","27754","9","3864","8","4"
"E01002176","Harrow 033G","27770","9","3865","8","4"
"E01002619","Hounslow 010A","27771","9","3866","8","4"
"E01000543","Brent 003E","27775","9","3867","8","4"
"E01000317","Barnet 019D","27781","9","3868","8","4"
"E01003039","Lambeth 013C","27783","9","3869","8","4"
"E01002556","Hounslow 022B","27796","9","3870","8","4"
"E01004158","Sutton 018D","27809","9","3871","8","4"
"E01001022","Croydon 044E","27811","9","3872","8","4"
"E01003665","Redbridge 037E","27812","9","3873","8","4"
"E01000281","Barnet 008D","27814","9","3874","8","4"
"E01001067","Croydon 041D","27816","9","3875","8","4"
"E01032638","Southwark 035D","27822","9","3876","8","4"
"E01000166","Barnet 003A","27838","9","3877","8","4"
"E01002740","Islington 013B","27840","9","3878","8","4"
"E01034592","Harrow 013G","27843","9","3879","8","4"
"E01003796","Redbridge 018D","27851","9","3880","8","4"
"E01002359","Havering 020A","27856","9","3881","8","4"
"E01001093","Croydon 037C","27868","9","3882","8","4"
"E01004611","Wandsworth 032B","27872","9","3883","8","4"
"E01004110","Sutton 016A","27877","9","3884","8","4"
"E01001160","Croydon 002D","27885","9","3885","8","4"
"E01004662","Westminster 012D","27887","9","3886","8","4"
"E01004605","Wandsworth 006B","27897","9","3887","8","4"
"E01002651","Hounslow 021C","27909","9","3888","8","4"
"E01000324","Barnet 015F","27911","9","3889","8","4"
"E01004585","Wandsworth 008D","27920","9","3890","8","4"
"E01002534","Hillingdon 005B","27928","9","3891","8","4"
"E01000671","Bromley 020D","27934","9","3892","8","4"
"E01000345","Bexley 022D","27937","9","3893","8","4"
"E01000421","Bexley 009D","27960","9","3894","8","4"
"E01000619","Brent 036C","27961","9","3895","8","4"
"E01000842","Camden 011A","27970","9","3896","8","4"
"E01001988","Haringey 034B","27977","9","3897","8","4"
"E01003427","Merton 023A","27981","9","3898","8","4"
"E01002165","Harrow 017A","27983","9","3899","8","4"
"E01003736","Redbridge 033D","27984","9","3900","8","4"
"E01004381","Waltham Forest 007C","27996","9","3901","8","4"
"E01004361","Waltham Forest 005A","28019","9","3902","8","4"
"E01001496","Enfield 026D","28021","9","3903","8","4"
"E01003283","Lewisham 013B","28024","9","3904","8","4"
"E01003408","Merton 012D","28026","9","3905","8","4"
"E01004416","Waltham Forest 004E","28028","9","3906","8","4"
"E01000196","Barnet 028A","28041","9","3907","8","4"
"E01004144","Sutton 007A","28045","9","3908","8","4"
"E01000150","Barnet 036A","28048","9","3909","8","4"
"E01001132","Croydon 018D","28051","9","3910","8","4"
"E01035494","Wandsworth 018E","28065","9","3911","8","4"
"E01001968","Haringey 014B","28079","9","3912","8","4"
"E01034598","Harrow 023H","28083","9","3913","8","4"
"E01003702","Redbridge 006E","28084","9","3914","8","4"
"E01000752","Bromley 036D","28087","9","3915","8","4"
"E01003760","Redbridge 009B","28096","9","3916","8","4"
"E01000969","Camden 010A","28100","9","3917","8","4"
"E01000248","Barnet 001A","28105","9","3918","8","4"
"E01003454","Merton 003B","28108","9","3919","8","4"
"E01000568","Brent 008D","28119","9","3920","8","4"
"E01001521","Enfield 028A","28120","9","3921","8","4"
"E01003709","Redbridge 008C","28128","9","3922","8","4"
"E01000774","Bromley 041D","28129","9","3923","8","4"
"E01003643","Redbridge 017B","28138","9","3924","8","4"
"E01000791","Bromley 029E","28148","9","3925","8","4"
"E01035498","Wandsworth 038E","28149","9","3926","8","4"
"E01001195","Ealing 021A","28152","9","3927","8","4"
"E01000327","Bexley 017A","28156","9","3928","8","4"
"E01004193","Sutton 006D","28159","9","3929","8","4"
"E01002968","Kingston upon Thames 009C","28160","9","3930","8","4"
"E01001474","Enfield 010E","28161","9","3931","8","4"
"E01003681","Redbridge 036G","28171","9","3932","8","4"
"E01000711","Bromley 006C","28176","9","3933","8","4"
"E01003657","Redbridge 005B","28178","9","3934","8","4"
"E01034040","Hounslow 018H","28179","9","3935","8","4"
"E01000390","Bexley 020F","28183","9","3936","8","4"
"E01004644","Wandsworth 016D","28185","9","3937","8","4"
"E01000259","Barnet 025D","28186","9","3938","8","4"
"E01000355","Bexley 011C","28187","9","3939","8","4"
"E01000228","Barnet 007A","28194","9","3940","8","4"
"E01000701","Bromley 015B","28205","9","3941","8","4"
"E01004586","Wandsworth 009C","28209","9","3942","8","4"
"E01002391","Havering 018E","28236","9","3943","8","4"
"E01003646","Redbridge 012A","28247","9","3944","8","4"
"E01000350","Bexley 021C","28249","9","3945","8","4"
"E01034044","Hounslow 030C","28258","9","3946","8","4"
"E01000292","Barnet 001E","28265","9","3947","8","4"
"E01003644","Redbridge 017C","28269","9","3948","8","4"
"E01000306","Barnet 036C","28277","9","3949","8","4"
"E01004681","Westminster 016A","28281","9","3950","8","4"
"E01000159","Barnet 015B","28294","9","3951","8","4"
"E01004694","Westminster 016C","28301","9","3952","8","4"
"E01002290","Havering 025E","28303","9","3953","8","4"
"E01001937","Hammersmith and Fulham 025C","28304","9","3954","8","4"
"E01002866","Kensington and Chelsea 009B","28312","9","3955","8","4"
"E01001580","Greenwich 021A","28314","9","3956","8","4"
"E01004627","Wandsworth 019F","28315","9","3957","8","4"
"E01033457","Brent 035A","28323","9","3958","8","4"
"E01000611","Brent 016D","28324","9","3959","8","4"
"E01004121","Sutton 006B","28326","9","3960","8","4"
"E01003437","Merton 022C","28327","9","3961","8","4"
"E01004699","Westminster 017F","28328","9","3962","8","4"
"E01002226","Harrow 001D","28341","9","3963","8","4"
"E01002993","Kingston upon Thames 013C","28348","9","3964","8","4"
"E01002693","Hounslow 029D","28359","9","3965","8","4"
"E01003652","Redbridge 015C","28381","9","3966","8","4"
"E01001269","Ealing 001A","28385","9","3967","8","4"
"E01002922","Kingston upon Thames 010A","28387","9","3968","8","4"
"E01000264","Barnet 016D","28388","9","3969","8","4"
"E01003676","Redbridge 036B","28397","9","3970","8","4"
"E01003653","Redbridge 015D","28400","9","3971","8","4"
"E01002138","Harrow 027C","28405","9","3972","8","4"
"E01000786","Bromley 032A","28407","9","3973","8","4"
"E01004108","Sutton 024C","28408","9","3974","8","4"
"E01003361","Merton 015A","28414","9","3975","8","4"
"E01000493","Brent 030D","28416","9","3976","8","4"
"E01002680","Hounslow 009D","28420","9","3977","8","4"
"E01001472","Enfield 010D","28427","9","3978","8","4"
"E01004508","Wandsworth 012A","28432","9","3979","8","4"
"E01003840","Richmond upon Thames 013A","28435","9","3980","8","4"
"E01034384","Bromley 005G","28438","9","3981","8","4"
"E01003200","Lewisham 009B","28442","9","3982","8","4"
"E01002125","Harrow 010B","28454","9","3983","8","4"
"E01004544","Wandsworth 021E","28458","9","3984","8","4"
"E01034212","Newham 034N","28473","9","3985","8","4"
"E01003800","Richmond upon Thames 001D","28481","9","3986","8","4"
"E01000840","Bromley 030G","28483","9","3987","8","4"
"E01003677","Redbridge 036C","28485","9","3988","8","4"
"E01004195","Sutton 006E","28496","9","3989","8","4"
"E01001278","Ealing 011C","28497","9","3990","8","4"
"E01003355","Merton 009A","28501","9","3991","8","4"
"E01003812","Richmond upon Thames 018B","28504","9","3992","8","4"
"E01001564","Enfield 022B","28505","9","3993","8","4"
"E01000633","Brent 019D","28510","9","3994","8","4"
"E01002563","Hounslow 006A","28511","9","3995","8","4"
"E01004293","Tower Hamlets 027B","28515","9","3996","8","4"
"E01002861","Kensington and Chelsea 014D","28524","9","3997","9","5"
"E01001270","Ealing 004A","28532","9","3998","9","5"
"E01000748","Bromley 042C","28533","9","3999","9","5"
"E01002291","Havering 023B","28534","9","4000","9","5"
"E01001384","Ealing 032C","28535","9","4001","9","5"
"E01003400","Merton 003A","28538","9","4002","9","5"
"E01034146","Croydon 024H","28543","9","4003","9","5"
"E01003951","Southwark 033E","28557","9","4004","9","5"
"E01000692","Bromley 002D","28577","9","4005","9","5"
"E01003078","Lambeth 014E","28583","9","4006","9","5"
"E01003762","Redbridge 009D","28584","9","4007","9","5"
"E01000445","Bexley 024C","28586","9","4008","9","5"
"E01001544","Enfield 009D","28595","9","4009","9","5"
"E01001126","Croydon 034H","28596","9","4010","9","5"
"E01000474","Brent 026B","28599","9","4011","9","5"
"E01004621","Wandsworth 019D","28600","9","4012","9","5"
"E01000880","Camden 004C","28608","9","4013","9","5"
"E01004706","Westminster 006B","28609","9","4014","9","5"
"E01000659","Bromley 039E","28612","9","4015","9","5"
"E01003774","Redbridge 014A","28613","9","4016","9","5"
"E01000879","Camden 004B","28618","9","4017","9","5"
"E01033920","Barnet 042F","28620","9","4018","9","5"
"E01002136","Harrow 027B","28632","9","4019","9","5"
"E01001119","Croydon 034G","28634","9","4020","9","5"
"E01000775","Bromley 024C","28638","9","4021","9","5"
"E01002167","Harrow 017C","28645","9","4022","9","5"
"E01002635","Hounslow 010D","28647","9","4023","9","5"
"E01000677","Bromley 018C","28663","9","4024","9","5"
"E01001028","Croydon 038A","28670","9","4025","9","5"
"E01000584","Brent 033E","28684","9","4026","9","5"
"E01002340","Havering 009F","28687","9","4027","9","5"
"E01000393","Bexley 020G","28694","9","4028","9","5"
"E01004058","Southwark 008C","28695","9","4029","9","5"
"E01035488","Wandsworth 004H","28696","9","4030","9","5"
"E01002586","Hounslow 013D","28697","9","4031","9","5"
"E01001083","Croydon 003A","28700","9","4032","9","5"
"E01002134","Harrow 029B","28715","9","4033","9","5"
"E01003651","Redbridge 012D","28732","9","4034","9","5"
"E01001018","Croydon 044A","28733","9","4035","9","5"
"E01002106","Harrow 008A","28735","9","4036","9","5"
"E01004661","Westminster 012C","28737","9","4037","9","5"
"E01002111","Harrow 008E","28743","9","4038","9","5"
"E01001319","Ealing 004B","28771","9","4039","9","5"
"E01000878","Camden 004A","28773","9","4040","9","5"
"E01002222","Harrow 030D","28780","9","4041","9","5"
"E01002535","Hillingdon 007E","28784","9","4042","9","5"
"E01000234","Barnet 021D","28786","9","4043","9","5"
"E01001314","Ealing 002E","28789","9","4044","9","5"
"E01002918","Kingston upon Thames 017A","28799","9","4045","9","5"
"E01000714","Bromley 006D","28808","9","4046","9","5"
"E01002272","Havering 014A","28820","9","4047","9","5"
"E01035715","Westminster 007H","28822","9","4048","9","5"
"E01000475","Brent 029C","28823","9","4049","9","5"
"E01002239","Harrow 025C","28825","9","4050","9","5"
"E01004581","Wandsworth 004D","28829","9","4051","9","5"
"E01004136","Sutton 003E","28839","9","4052","9","5"
"E01000563","Brent 008B","28840","9","4053","9","5"
"E01034581","Merton 005G","28858","9","4054","9","5"
"E01002990","Kingston upon Thames 009D","28859","9","4055","9","5"
"E01002337","Havering 012A","28864","9","4056","9","5"
"E01000909","Camden 001C","28865","9","4057","9","5"
"E01003738","Redbridge 031B","28875","9","4058","9","5"
"E01002965","Kingston upon Thames 009A","28876","9","4059","9","5"
"E01001046","Croydon 023B","28882","9","4060","9","5"
"E01002844","Kensington and Chelsea 019A","28895","9","4061","9","5"
"E01000607","Brent 013C","28903","9","4062","9","5"
"E01002060","Haringey 028D","28910","9","4063","9","5"
"E01003750","Redbridge 001G","28923","9","4064","9","5"
"E01004094","Sutton 025B","28944","9","4065","9","5"
"E01001072","Croydon 042C","28952","9","4066","9","5"
"E01002269","Havering 010B","28956","9","4067","9","5"
"E01001606","Greenwich 023B","28958","9","4068","9","5"
"E01001064","Croydon 026C","28962","9","4069","9","5"
"E01004160","Sutton 014D","28963","9","4070","9","5"
"E01000760","Bromley 034B","28965","9","4071","9","5"
"E01002976","Kingston upon Thames 015A","28969","9","4072","9","5"
"E01003904","Richmond upon Thames 015G","28973","9","4073","9","5"
"E01000594","Brent 001F","28976","9","4074","9","5"
"E01002023","Haringey 021C","28978","9","4075","9","5"
"E01001103","Croydon 039A","28980","9","4076","9","5"
"E01000162","Barnet 015E","28983","9","4077","9","5"
"E01000623","Brent 005C","28985","9","4078","9","5"
"E01003674","Redbridge 007G","28986","9","4079","9","5"
"E01002654","Hounslow 019B","28988","9","4080","9","5"
"E01002148","Harrow 006B","28991","9","4081","9","5"
"E01002228","Harrow 003B","28994","9","4082","9","5"
"E01003426","Merton 015D","28996","9","4083","9","5"
"E01001226","Ealing 019C","29001","9","4084","9","5"
"E01001471","Enfield 010C","29003","9","4085","9","5"
"E01002537","Hillingdon 009E","29005","9","4086","9","5"
"E01001107","Croydon 035D","29007","9","4087","9","5"
"E01001386","Ealing 031F","29029","9","4088","9","5"
"E01002172","Harrow 033C","29038","9","4089","9","5"
"E01003005","Kingston upon Thames 018E","29063","9","4090","9","5"
"E01003680","Redbridge 036F","29072","9","4091","9","5"
"E01002670","Hounslow 020B","29076","9","4092","9","5"
"E01002470","Hillingdon 007D","29081","9","4093","9","5"
"E01002966","Kingston upon Thames 010C","29092","9","4094","9","5"
"E01002828","Kensington and Chelsea 008E","29106","9","4095","9","5"
"E01002378","Havering 010E","29112","9","4096","9","5"
"E01002207","Harrow 032C","29126","9","4097","9","5"
"E01000672","Bromley 011A","29137","9","4098","9","5"
"E01001608","Greenwich 027C","29142","9","4099","9","5"
"E01000311","Barnet 034D","29143","9","4100","9","5"
"E01004095","Sutton 025C","29145","9","4101","9","5"
"E01000446","Bexley 024D","29154","9","4102","9","5"
"E01002996","Kingston upon Thames 016B","29156","9","4103","9","5"
"E01004595","Wandsworth 025B","29162","9","4104","9","5"
"E01004131","Sutton 003B","29169","9","4105","9","5"
"E01003853","Richmond upon Thames 003B","29194","9","4106","9","5"
"E01001104","Croydon 042D","29205","9","4107","9","5"
"E01004168","Sutton 013E","29210","9","4108","9","5"
"E01002618","Hounslow 011A","29215","9","4109","9","5"
"E01000985","Croydon 021A","29221","9","4110","9","5"
"E01002193","Harrow 016D","29240","9","4111","9","5"
"E01003827","Richmond upon Thames 023F","29252","9","4112","9","5"
"E01000298","Barnet 023D","29255","9","4113","9","5"
"E01004701","Westminster 007A","29256","9","4114","9","5"
"E01004751","Westminster 022C","29257","9","4115","9","5"
"E01034580","Merton 005F","29260","9","4116","9","5"
"E01000874","Camden 005D","29264","9","4117","9","5"
"E01002584","Hounslow 013B","29274","9","4118","9","5"
"E01001540","Enfield 008C","29280","9","4119","9","5"
"E01002876","Kensington and Chelsea 003A","29281","9","4120","9","5"
"E01004159","Sutton 014C","29282","9","4121","9","5"
"E01003027","Lambeth 019B","29284","9","4122","9","5"
"E01000270","Barnet 005D","29287","9","4123","9","5"
"E01002122","Harrow 007D","29298","9","4124","9","5"
"E01002199","Harrow 012C","29306","9","4125","9","5"
"E01001102","Croydon 035C","29318","9","4126","9","5"
"E01000704","Bromley 015C","29321","9","4127","9","5"
"E01033927","Enfield 020F","29327","9","4128","9","5"
"E01002982","Kingston upon Thames 015D","29330","9","4129","9","5"
"E01001302","Ealing 039C","29340","9","4130","9","5"
"E01003678","Redbridge 036D","29344","9","4131","9","5"
"E01002516","Hillingdon 013E","29349","9","4132","9","5"
"E01002873","Kensington and Chelsea 007C","29350","9","4133","9","5"
"E01001535","Enfield 028E","29357","9","4134","9","5"
"E01003898","Richmond upon Thames 015A","29367","9","4135","9","5"
"E01002348","Havering 029C","29391","9","4136","9","5"
"E01003742","Redbridge 031F","29392","9","4137","9","5"
"E01004556","Wandsworth 009B","29397","9","4138","9","5"
"E01000309","Barnet 031D","29402","9","4139","9","5"
"E01003446","Merton 016C","29408","9","4140","9","5"
"E01001280","Ealing 011D","29409","9","4141","9","5"
"E01001091","Croydon 004E","29411","9","4142","9","5"
"E01004490","Wandsworth 031A","29413","9","4143","9","5"
"E01003420","Merton 025D","29416","9","4144","9","5"
"E01000318","Barnet 019E","29418","9","4145","9","5"
"E01033736","Greenwich 039A","29423","9","4146","9","5"
"E01001019","Croydon 044B","29425","9","4147","9","5"
"E01000145","Barnet 037A","29426","9","4148","9","5"
"E01003820","Richmond upon Thames 017C","29455","9","4149","9","5"
"E01000275","Barnet 012A","29459","9","4150","9","5"
"E01002849","Kensington and Chelsea 017B","29460","9","4151","9","5"
"E01002963","Kingston upon Thames 007D","29464","9","4152","9","5"
"E01000818","Bromley 040B","29466","9","4153","9","5"
"E01002385","Havering 024A","29467","9","4154","9","5"
"E01004598","Wandsworth 025D","29474","9","4155","9","5"
"E01000710","Bromley 006B","29477","9","4156","9","5"
"E01000656","Bromley 039C","29490","9","4157","9","5"
"E01001495","Enfield 029A","29494","9","4158","9","5"
"E01004154","Sutton 022E","29498","9","4159","9","5"
"E01002676","Hounslow 012E","29503","9","4160","9","5"
"E01002512","Hillingdon 013C","29516","9","4161","9","5"
"E01002321","Havering 021B","29521","9","4162","9","5"
"E01003471","Merton 016E","29522","9","4163","9","5"
"E01001455","Enfield 021F","29526","9","4164","9","5"
"E01004705","Westminster 007D","29528","9","4165","9","5"
"E01002884","Kensington and Chelsea 006C","29532","9","4166","9","5"
"E01004196","Sutton 008F","29539","9","4167","9","5"
"E01004623","Wandsworth 019E","29541","9","4168","9","5"
"E01000566","Brent 008C","29557","9","4169","9","5"
"E01004558","Wandsworth 015C","29566","9","4170","9","5"
"E01003563","Newham 011C","29567","9","4171","9","5"
"E01000297","Barnet 027D","29570","9","4172","9","5"
"E01004130","Sutton 003A","29572","9","4173","9","5"
"E01002691","Hounslow 029B","29574","9","4174","9","5"
"E01001031","Croydon 038D","29589","9","4175","9","5"
"E01001986","Haringey 034A","29591","9","4176","9","5"
"E01000632","Brent 029E","29595","9","4177","9","5"
"E01000188","Barnet 014C","29604","9","4178","9","5"
"E01003817","Richmond upon Thames 012D","29606","9","4179","9","5"
"E01004098","Sutton 015B","29623","9","4180","9","5"
"E01000169","Barnet 003C","29627","9","4181","9","5"
"E01002300","Havering 007E","29636","9","4182","9","5"
"E01004653","Westminster 014A","29642","9","4183","9","5"
"E01000848","Camden 011C","29650","9","4184","9","5"
"E01003908","Richmond upon Thames 010D","29652","9","4185","9","5"
"E01000693","Bromley 010A","29653","9","4186","9","5"
"E01003004","Kingston upon Thames 018D","29658","9","4187","9","5"
"E01003647","Redbridge 015A","29663","9","4188","9","5"
"E01000269","Barnet 005C","29670","9","4189","9","5"
"E01001030","Croydon 038C","29671","9","4190","9","5"
"E01001307","Ealing 002A","29687","9","4191","9","5"
"E01003451","Merton 024D","29690","9","4192","9","5"
"E01001990","Haringey 034C","29691","9","4193","9","5"
"E01002121","Harrow 007C","29696","9","4194","9","5"
"E01002432","Hillingdon 006D","29716","9","4195","9","5"
"E01002379","Havering 012D","29720","9","4196","9","5"
"E01004557","Wandsworth 015B","29723","9","4197","9","5"
"E01003865","Richmond upon Thames 004F","29724","9","4198","9","5"
"E01000962","Camden 016A","29725","9","4199","9","5"
"E01000807","Bromley 022C","29730","9","4200","9","5"
"E01000574","Brent 007C","29733","9","4201","9","5"
"E01000190","Barnet 014E","29738","9","4202","9","5"
"E01002658","Hounslow 015D","29739","9","4203","9","5"
"E01001390","Enfield 036A","29747","9","4204","9","5"
"E01001044","Croydon 023A","29757","9","4205","9","5"
"E01000382","Bexley 027A","29760","9","4206","9","5"
"E01002164","Harrow 021D","29768","9","4207","9","5"
"E01002287","Havering 023A","29774","9","4208","9","5"
"E01004156","Sutton 018C","29778","9","4209","9","5"
"E01004560","Wandsworth 001A","29780","9","4210","9","5"
"E01003467","Merton 020B","29783","9","4211","9","5"
"E01002206","Harrow 032B","29789","9","4212","9","5"
"E01002341","Havering 008E","29796","9","4213","9","5"
"E01002252","Havering 018A","29799","9","4214","9","5"
"E01034147","Croydon 046A","29802","9","4215","9","5"
"E01000179","Barnet 029B","29806","9","4216","9","5"
"E01004516","Wandsworth 036A","29809","9","4217","9","5"
"E01002812","Kensington and Chelsea 013A","29810","9","4218","9","5"
"E01004115","Sutton 009A","29812","9","4219","9","5"
"E01002581","Hounslow 008D","29819","9","4220","9","5"
"E01000859","Camden 018C","29837","9","4221","9","5"
"E01000591","Brent 003F","29839","9","4222","9","5"
"E01002210","Harrow 032D","29843","9","4223","9","5"
"E01001925","Hammersmith and Fulham 025A","29846","9","4224","9","5"
"E01000320","Barnet 011D","29848","9","4225","9","5"
"E01004480","Wandsworth 026C","29859","9","4226","9","5"
"E01000754","Bromley 031B","29862","9","4227","9","5"
"E01002897","Kensington and Chelsea 020D","29870","9","4228","9","5"
"E01004597","Wandsworth 025C","29876","9","4229","9","5"
"E01002021","Haringey 022C","29882","9","4230","9","5"
"E01003810","Richmond upon Thames 019A","29892","9","4231","9","5"
"E01004050","Southwark 024D","29893","9","4232","9","5"
"E01001299","Ealing 035B","29896","9","4233","9","5"
"E01003903","Richmond upon Thames 015F","29904","9","4234","9","5"
"E01002376","Havering 012C","29910","9","4235","9","5"
"E01002678","Hounslow 009B","29912","9","4236","9","5"
"E01004534","Wandsworth 008A","29917","9","4237","9","5"
"E01002938","Kingston upon Thames 003B","29921","9","4238","9","5"
"E01002009","Haringey 035D","29923","9","4239","9","5"
"E01004632","Wandsworth 028A","29931","9","4240","9","5"
"E01003001","Kingston upon Thames 017D","29934","9","4241","9","5"
"E01003422","Merton 025E","29936","9","4242","9","5"
"E01004080","Sutton 011E","29938","9","4243","9","5"
"E01035722","Westminster 024G","29957","9","4244","9","5"
"E01000119","Barnet 009C","29970","9","4245","9","5"
"E01004175","Sutton 010D","29977","9","4246","9","5"
"E01004712","Westminster 008C","29978","9","4247","9","5"
"E01002539","Hillingdon 005D","29984","9","4248","9","5"
"E01001614","Greenwich 028B","30009","9","4249","9","5"
"E01002988","Kingston upon Thames 011C","30010","9","4250","9","5"
"E01003170","Lambeth 025E","30011","9","4251","9","5"
"E01002958","Kingston upon Thames 008C","30012","9","4252","9","5"
"E01003867","Richmond upon Thames 011A","30017","9","4253","9","5"
"E01000734","Bromley 028B","30021","9","4254","9","5"
"E01004472","Wandsworth 021A","30022","9","4255","9","5"
"E01000703","Bromley 013C","30023","9","4256","9","5"
"E01001308","Ealing 002B","30043","9","4257","9","5"
"E01001129","Croydon 026D","30044","9","4258","9","5"
"E01002942","Kingston upon Thames 018C","30045","9","4259","9","5"
"E01004654","Westminster 014B","30061","9","4260","9","5"
"E01002197","Harrow 012B","30065","9","4261","9","5"
"E01000749","Bromley 036A","30066","9","4262","9","5"
"E01002259","Havering 018D","30074","9","4263","9","5"
"E01003649","Redbridge 012C","30081","9","4264","9","5"
"E01003752","Redbridge 023A","30086","9","4265","9","5"
"E01032563","Bromley 040E","30087","9","4266","9","5"
"E01003038","Lambeth 013B","30090","9","4267","9","5"
"E01003010","Kingston upon Thames 001E","30094","9","4268","9","5"
"E01003862","Richmond upon Thames 004D","30108","9","4269","9","5"
"E01003659","Redbridge 005C","30115","9","4270","9","5"
"E01035647","Hackney 026F","30136","9","4271","9","5"
"E01004588","Wandsworth 008E","30139","9","4272","9","5"
"E01004651","Westminster 003A","30140","9","4273","9","5"
"E01002656","Hounslow 019D","30148","9","4274","9","5"
"E01002171","Harrow 033B","30149","9","4275","9","5"
"E01000178","Barnet 027B","30152","9","4276","9","5"
"E01000460","Bexley 022E","30155","9","4277","9","5"
"E01000140","Barnet 041C","30160","9","4278","9","5"
"E01003778","Redbridge 014E","30188","9","4279","9","5"
"E01004135","Sutton 003D","30192","9","4280","9","5"
"E01002956","Kingston upon Thames 002D","30193","9","4281","9","5"
"E01001036","Croydon 029A","30207","9","4282","9","5"
"E01002132","Harrow 029A","30211","9","4283","9","5"
"E01001094","Croydon 038E","30215","9","4284","9","5"
"E01000479","Brent 009A","30219","9","4285","9","5"
"E01000831","Bromley 021D","30225","9","4286","9","5"
"E01003009","Kingston upon Thames 001D","30236","9","4287","9","5"
"E01002022","Haringey 021B","30239","9","4288","9","5"
"E01001135","Croydon 025D","30249","9","4289","9","5"
"E01003648","Redbridge 012B","30253","9","4290","9","5"
"E01001098","Croydon 037F","30259","9","4291","9","5"
"E01000250","Barnet 001C","30276","9","4292","9","5"
"E01002334","Havering 008B","30277","9","4293","9","5"
"E01002901","Kensington and Chelsea 018C","30283","9","4294","9","5"
"E01000351","Bexley 024A","30291","9","4295","9","5"
"E01002575","Hounslow 001E","30295","9","4296","9","5"
"E01000353","Bexley 011A","30296","9","4297","9","5"
"E01000835","Bromley 030B","30301","9","4298","9","5"
"E01001380","Ealing 040C","30314","9","4299","9","5"
"E01002339","Havering 008D","30319","9","4300","9","5"
"E01003470","Merton 020E","30325","9","4301","9","5"
"E01004379","Waltham Forest 007A","30329","9","4302","9","5"
"E01002178","Harrow 033I","30333","9","4303","9","5"
"E01003854","Richmond upon Thames 003C","30337","9","4304","9","5"
"E01000582","Brent 032C","30338","9","4305","9","5"
"E01000575","Brent 007D","30343","9","4306","9","5"
"E01001996","Haringey 014C","30344","9","4307","9","5"
"E01002354","Havering 012B","30349","9","4308","9","5"
"E01004731","Westminster 020A","30352","9","4309","9","5"
"E01000267","Barnet 005A","30360","9","4310","9","5"
"E01003399","Merton 011D","30367","9","4311","9","5"
"E01000131","Barnet 024E","30375","9","4312","9","5"
"E01000295","Barnet 023B","30377","9","4313","9","5"
"E01033463","Brent 003G","30383","10","4314","9","5"
"E01000197","Barnet 023A","30384","10","4315","9","5"
"E01003670","Redbridge 007C","30387","10","4316","9","5"
"E01003417","Merton 025A","30388","10","4317","9","5"
"E01004506","Wandsworth 011A","30393","10","4318","9","5"
"E01002997","Kingston upon Thames 016C","30394","10","4319","9","5"
"E01004352","Waltham Forest 002A","30395","10","4320","9","5"
"E01000122","Barnet 009E","30397","10","4321","9","5"
"E01000829","Bromley 018E","30402","10","4322","9","5"
"E01004091","Sutton 022A","30416","10","4323","9","5"
"E01002980","Kingston upon Thames 012C","30419","10","4324","9","5"
"E01002885","Kensington and Chelsea 006D","30422","10","4325","9","5"
"E01001122","Croydon 033B","30423","10","4326","9","5"
"E01002142","Harrow 005C","30424","10","4327","9","5"
"E01002471","Hillingdon 008E","30425","10","4328","9","5"
"E01000804","Bromley 004D","30426","10","4329","9","5"
"E01004116","Sutton 008A","30428","10","4330","9","5"
"E01000862","Camden 018E","30448","10","4331","9","5"
"E01002578","Hounslow 007D","30449","10","4332","9","5"
"E01001300","Ealing 039A","30463","10","4333","9","5"
"E01000183","Barnet 033A","30472","10","4334","9","5"
"E01004479","Wandsworth 017C","30476","10","4335","9","5"
"E01003946","Southwark 033B","30486","10","4336","9","5"
"E01002200","Harrow 010D","30487","10","4337","9","5"
"E01002209","Harrow 025B","30489","10","4338","9","5"
"E01000444","Bexley 023B","30490","10","4339","9","5"
"E01002270","Havering 015A","30495","10","4340","9","5"
"E01000358","Bexley 011D","30504","10","4341","9","5"
"E01003831","Richmond upon Thames 020D","30521","10","4342","9","5"
"E01000116","Barnet 009B","30525","10","4343","9","5"
"E01001963","Haringey 009A","30529","10","4344","9","5"
"E01000647","Bromley 016B","30534","10","4345","9","5"
"E01003679","Redbridge 036E","30541","10","4346","9","5"
"E01000569","Brent 008E","30542","10","4347","9","5"
"E01002415","Hillingdon 010A","30550","10","4348","9","5"
"E01003682","Redbridge 036H","30553","10","4349","9","5"
"E01000476","Brent 026C","30568","10","4350","9","5"
"E01000451","Bexley 009F","30570","10","4351","9","5"
"E01000540","Brent 004D","30571","10","4352","9","5"
"E01002458","Hillingdon 011A","30578","10","4353","9","5"
"E01000409","Bexley 016C","30579","10","4354","9","5"
"E01000765","Bromley 034D","30584","10","4355","9","5"
"E01000779","Bromley 001A","30592","10","4356","9","5"
"E01002991","Kingston upon Thames 009E","30593","10","4357","9","5"
"E01003007","Kingston upon Thames 001B","30594","10","4358","9","5"
"E01000678","Bromley 016E","30595","10","4359","9","5"
"E01001454","Enfield 017D","30598","10","4360","9","5"
"E01002687","Hounslow 029A","30612","10","4361","9","5"
"E01000572","Brent 007A","30616","10","4362","9","5"
"E01000357","Bexley 009B","30618","10","4363","9","5"
"E01000217","Barnet 035F","30620","10","4364","9","5"
"E01003673","Redbridge 007F","30622","10","4365","9","5"
"E01004157","Sutton 016E","30626","10","4366","9","5"
"E01001134","Croydon 018E","30628","10","4367","9","5"
"E01004105","Sutton 022C","30630","10","4368","9","5"
"E01000256","Barnet 016A","30632","10","4369","9","5"
"E01000325","Bexley 014A","30639","10","4370","9","5"
"E01000135","Barnet 038A","30655","10","4371","9","5"
"E01002384","Havering 019D","30659","10","4372","9","5"
"E01001534","Enfield 032E","30661","10","4373","9","5"
"E01001123","Croydon 033C","30662","10","4374","9","5"
"E01004101","Sutton 013A","30689","10","4375","9","5"
"E01002995","Kingston upon Thames 013D","30697","10","4376","9","5"
"E01000118","Barnet 010B","30698","10","4377","9","5"
"E01002144","Harrow 004A","30700","10","4378","9","5"
"E01003401","Merton 004A","30709","10","4379","9","5"
"E01034590","Harrow 002G","30714","10","4380","9","5"
"E01000173","Barnet 006C","30715","10","4381","9","5"
"E01001025","Croydon 043C","30716","10","4382","9","5"
"E01002386","Havering 022E","30720","10","4383","9","5"
"E01003848","Richmond upon Thames 004A","30725","10","4384","9","5"
"E01004593","Wandsworth 025A","30730","10","4385","9","5"
"E01000910","Camden 003A","30732","10","4386","9","5"
"E01000152","Barnet 026C","30736","10","4387","9","5"
"E01003202","Lewisham 009C","30749","10","4388","9","5"
"E01004587","Wandsworth 009D","30751","10","4389","9","5"
"E01000436","Bexley 011E","30752","10","4390","9","5"
"E01001100","Croydon 031E","30758","10","4391","9","5"
"E01000204","Barnet 025C","30764","10","4392","9","5"
"E01001985","Haringey 033B","30766","10","4393","9","5"
"E01002467","Hillingdon 009B","30767","10","4394","9","5"
"E01000348","Bexley 020A","30774","10","4395","9","5"
"E01002150","Harrow 006C","30777","10","4396","9","5"
"E01000117","Barnet 010A","30778","10","4397","9","5"
"E01000716","Bromley 011C","30785","10","4398","9","5"
"E01001919","Hammersmith and Fulham 018E","30790","10","4399","9","5"
"E01002992","Kingston upon Thames 010D","30801","10","4400","9","5"
"E01003905","Richmond upon Thames 010A","30806","10","4401","9","5"
"E01000893","Camden 002A","30826","10","4402","9","5"
"E01004155","Sutton 018B","30827","10","4403","9","5"
"E01002935","Kingston upon Thames 003A","30832","10","4404","9","5"
"E01004087","Sutton 017A","30839","10","4405","9","5"
"E01004179","Sutton 017E","30845","10","4406","9","5"
"E01000349","Bexley 020B","30872","10","4407","9","5"
"E01002953","Kingston upon Thames 002B","30880","10","4408","9","5"
"E01000967","Camden 017D","30885","10","4409","9","5"
"E01003476","Merton 003D","30889","10","4410","9","5"
"E01000147","Barnet 043F","30896","10","4411","9","5"
"E01000359","Bexley 009C","30898","10","4412","9","5"
"E01034186","Greenwich 039C","30917","10","4413","9","5"
"E01000395","Bexley 018B","30918","10","4414","9","5"
"E01003811","Richmond upon Thames 018A","30920","10","4415","9","5"
"E01004619","Wandsworth 015E","30922","10","4416","9","5"
"E01000410","Bexley 018D","30931","10","4417","9","5"
"E01004093","Sutton 025A","30933","10","4418","9","5"
"E01000755","Bromley 031C","30934","10","4419","9","5"
"E01000650","Bromley 022A","30938","10","4420","9","5"
"E01033912","Barnet 017F","30947","10","4421","9","5"
"E01001470","Enfield 013B","30951","10","4422","9","5"
"E01002947","Kingston upon Thames 019D","30957","10","4423","9","5"
"E01003765","Redbridge 009G","30958","10","4424","9","5"
"E01034188","Greenwich 040A","30959","10","4425","9","5"
"E01001159","Croydon 002C","30964","10","4426","9","5"
"E01004761","Westminster 018D","30965","10","4427","9","5"
"E01000538","Brent 004B","30970","10","4428","9","5"
"E01003828","Richmond upon Thames 020A","30981","10","4429","9","5"
"E01000165","Barnet 022E","30984","10","4430","9","5"
"E01002189","Harrow 016B","30992","10","4431","9","5"
"E01000536","Brent 004A","30996","10","4432","9","5"
"E01000319","Barnet 027F","31002","10","4433","9","5"
"E01034576","Kingston upon Thames 004H","31010","10","4434","9","5"
"E01003794","Redbridge 018B","31011","10","4435","9","5"
"E01000636","Brent 020E","31013","10","4436","9","5"
"E01000212","Barnet 035D","31022","10","4437","9","5"
"E01004639","Wandsworth 011C","31023","10","4438","9","5"
"E01004191","Sutton 008D","31031","10","4439","9","5"
"E01002419","Hillingdon 006B","31035","10","4440","9","5"
"E01001543","Enfield 009C","31043","10","4441","9","5"
"E01003006","Kingston upon Thames 001A","31054","10","4442","9","5"
"E01003897","Richmond upon Thames 014D","31058","10","4443","9","5"
"E01004693","Westminster 017B","31059","10","4444","9","5"
"E01000811","Bromley 025C","31060","10","4445","9","5"
"E01000303","Barnet 020D","31069","10","4446","9","5"
"E01004170","Sutton 017B","31077","10","4447","9","5"
"E01001017","Croydon 043A","31079","10","4448","9","5"
"E01002362","Havering 022D","31082","10","4449","9","5"
"E01000768","Bromley 034E","31083","10","4450","9","5"
"E01000631","Brent 019C","31085","10","4451","9","5"
"E01001084","Croydon 002A","31091","10","4452","9","5"
"E01000486","Brent 006D","31092","10","4453","9","5"
"E01001523","Enfield 019C","31099","10","4454","9","5"
"E01002926","Kingston upon Thames 010B","31113","10","4455","9","5"
"E01003460","Merton 002A","31115","10","4456","9","5"
"E01000648","Bromley 016C","31116","10","4457","9","5"
"E01001306","Ealing 035D","31120","10","4458","9","5"
"E01004145","Sutton 007B","31122","10","4459","9","5"
"E01002834","Kensington and Chelsea 013B","31124","10","4460","9","5"
"E01003791","Redbridge 027B","31131","10","4461","9","5"
"E01004606","Wandsworth 006C","31136","10","4462","9","5"
"E01001926","Hammersmith and Fulham 024C","31138","10","4463","9","5"
"E01034485","Waltham Forest 014F","31147","10","4464","9","5"
"E01004122","Sutton 008B","31148","10","4465","9","5"
"E01001533","Enfield 028D","31152","10","4466","9","5"
"E01004097","Sutton 015A","31155","10","4467","9","5"
"E01001924","Hammersmith and Fulham 020E","31161","10","4468","9","5"
"E01003668","Redbridge 007A","31170","10","4469","9","5"
"E01003655","Redbridge 004B","31172","10","4470","9","5"
"E01001965","Haringey 009C","31176","10","4471","9","5"
"E01003749","Redbridge 001F","31177","10","4472","9","5"
"E01001027","Croydon 043E","31181","10","4473","9","5"
"E01002886","Kensington and Chelsea 006E","31191","10","4474","9","5"
"E01000712","Bromley 012A","31196","10","4475","9","5"
"E01002323","Havering 021D","31203","10","4476","9","5"
"E01002174","Harrow 033E","31209","10","4477","9","5"
"E01002469","Hillingdon 010D","31210","10","4478","9","5"
"E01002930","Kingston upon Thames 007B","31220","10","4479","9","5"
"E01000562","Brent 008A","31222","10","4480","9","5"
"E01002674","Hounslow 012D","31234","10","4481","9","5"
"E01003737","Redbridge 031A","31236","10","4482","9","5"
"E01002333","Havering 008A","31259","10","4483","9","5"
"E01002255","Havering 022A","31274","10","4484","9","5"
"E01002192","Harrow 016C","31277","10","4485","9","5"
"E01002173","Harrow 033D","31285","10","4486","9","5"
"E01002679","Hounslow 009C","31292","10","4487","9","5"
"E01003792","Redbridge 027C","31293","10","4488","9","5"
"E01000461","Bexley 024E","31300","10","4489","9","5"
"E01004589","Wandsworth 009E","31303","10","4490","9","5"
"E01003468","Merton 020C","31304","10","4491","9","5"
"E01002355","Havering 014E","31309","10","4492","9","5"
"E01004104","Sutton 020A","31310","10","4493","9","5"
"E01003899","Richmond upon Thames 015B","31315","10","4494","9","5"
"E01001642","Greenwich 038C","31319","10","4495","9","5"
"E01000517","Brent 003B","31328","10","4496","10","5"
"E01000227","Barnet 018E","31332","10","4497","10","5"
"E01002821","Kensington and Chelsea 014A","31344","10","4498","10","5"
"E01033919","Barnet 042E","31347","10","4499","10","5"
"E01000832","Bromley 030A","31351","10","4500","10","5"
"E01000241","Barnet 031C","31356","10","4501","10","5"
"E01001452","Enfield 017B","31358","10","4502","10","5"
"E01001208","Ealing 018E","31371","10","4503","10","5"
"E01003839","Richmond upon Thames 022F","31379","10","4504","10","5"
"E01033135","Wandsworth 010G","31399","10","4505","10","5"
"E01003671","Redbridge 007D","31406","10","4506","10","5"
"E01003789","Redbridge 018A","31410","10","4507","10","5"
"E01002577","Hounslow 007C","31412","10","4508","10","5"
"E01033922","Barnet 043B","31423","10","4509","10","5"
"E01000242","Barnet 032B","31425","10","4510","10","5"
"E01001385","Ealing 032D","31429","10","4511","10","5"
"E01002437","Hillingdon 006E","31441","10","4512","10","5"
"E01003748","Redbridge 001E","31445","10","4513","10","5"
"E01034035","Hounslow 014G","31453","10","4514","10","5"
"E01001231","Ealing 027A","31459","10","4515","10","5"
"E01000415","Bexley 016F","31468","10","4516","10","5"
"E01003775","Redbridge 014B","31472","10","4517","10","5"
"E01002826","Kensington and Chelsea 008C","31473","10","4518","10","5"
"E01002110","Harrow 008D","31478","10","4519","10","5"
"E01000168","Barnet 003B","31479","10","4520","10","5"
"E01000751","Bromley 036C","31480","10","4521","10","5"
"E01003404","Merton 004D","31483","10","4522","10","5"
"E01001039","Croydon 029D","31487","10","4523","10","5"
"E01000198","Barnet 025A","31492","10","4524","10","5"
"E01003383","Merton 009D","31493","10","4525","10","5"
"E01001398","Enfield 021A","31498","10","4526","10","5"
"E01003763","Redbridge 009E","31500","10","4527","10","5"
"E01003418","Merton 025B","31501","10","4528","10","5"
"E01000172","Barnet 003D","31507","10","4529","10","5"
"E01004079","Sutton 011D","31524","10","4530","10","5"
"E01000694","Bromley 007C","31525","10","4531","10","5"
"E01002317","Havering 014C","31526","10","4532","10","5"
"E01004072","Southwark 030E","31527","10","4533","10","5"
"E01034589","Harrow 002F","31528","10","4534","10","5"
"E01001567","Enfield 022C","31531","10","4535","10","5"
"E01004386","Waltham Forest 003C","31532","10","4536","10","5"
"E01002225","Harrow 001C","31548","10","4537","10","5"
"E01001966","Haringey 009D","31552","10","4538","10","5"
"E01035491","Wandsworth 010I","31555","10","4539","10","5"
"E01000191","Barnet 014F","31558","10","4540","10","5"
"E01033918","Barnet 042D","31563","10","4541","10","5"
"E01003824","Richmond upon Thames 023C","31565","10","4542","10","5"
"E01002007","Haringey 035C","31566","10","4543","10","5"
"E01001274","Ealing 041E","31576","10","4544","10","5"
"E01004546","Wandsworth 027C","31589","10","4545","10","5"
"E01001049","Croydon 023C","31593","10","4546","10","5"
"E01003909","Richmond upon Thames 010E","31595","10","4547","10","5"
"E01002242","Harrow 024D","31603","10","4548","10","5"
"E01003759","Redbridge 009A","31609","10","4549","10","5"
"E01003478","Merton 001E","31611","10","4550","10","5"
"E01001127","Croydon 025A","31617","10","4551","10","5"
"E01004559","Wandsworth 015D","31623","10","4552","10","5"
"E01000690","Bromley 002B","31633","10","4553","10","5"
"E01001399","Enfield 021B","31644","10","4554","10","5"
"E01000455","Bexley 013D","31649","10","4555","10","5"
"E01003795","Redbridge 018C","31652","10","4556","10","5"
"E01001997","Haringey 014D","31657","10","4557","10","5"
"E01003445","Merton 010D","31683","10","4558","10","5"
"E01000301","Barnet 020C","31684","10","4559","10","5"
"E01002166","Harrow 017B","31686","10","4560","10","5"
"E01000266","Barnet 011B","31687","10","4561","10","5"
"E01003816","Richmond upon Thames 012C","31697","10","4562","10","5"
"E01001124","Croydon 033D","31700","10","4563","10","5"
"E01004566","Wandsworth 001B","31705","10","4564","10","5"
"E01004132","Sutton 009D","31706","10","4565","10","5"
"E01002509","Hillingdon 017D","31722","10","4566","10","5"
"E01001273","Ealing 041C","31728","10","4567","10","5"
"E01002256","Havering 018B","31735","10","4568","10","5"
"E01000882","Camden 008B","31737","10","4569","10","5"
"E01001281","Ealing 013D","31739","10","4570","10","5"
"E01002434","Hillingdon 007B","31742","10","4571","10","5"
"E01002155","Harrow 019B","31753","10","4572","10","5"
"E01000282","Barnet 008E","31754","10","4573","10","5"
"E01002902","Kensington and Chelsea 018D","31755","10","4574","10","5"
"E01001994","Haringey 030A","31757","10","4575","10","5"
"E01002198","Harrow 010C","31764","10","4576","10","5"
"E01001063","Croydon 026B","31767","10","4577","10","5"
"E01000539","Brent 004C","31768","10","4578","10","5"
"E01000314","Barnet 032F","31770","10","4579","10","5"
"E01002989","Kingston upon Thames 011D","31779","10","4580","10","5"
"E01002430","Hillingdon 007A","31780","10","4581","10","5"
"E01002937","Kingston upon Thames 004D","31781","10","4582","10","5"
"E01001305","Ealing 035C","31783","10","4583","10","5"
"E01033925","Barnet 043E","31784","10","4584","10","5"
"E01000794","Bromley 035E","31796","10","4585","10","5"
"E01000186","Barnet 014A","31804","10","4586","10","5"
"E01003428","Merton 015E","31814","10","4587","10","5"
"E01002389","Havering 024D","31818","10","4588","10","5"
"E01001987","Haringey 033C","31821","10","4589","10","5"
"E01004707","Westminster 006C","31824","10","4590","10","5"
"E01000258","Barnet 016B","31828","10","4591","10","5"
"E01003861","Richmond upon Thames 004C","31833","10","4592","10","5"
"E01002574","Hounslow 001D","31845","10","4593","10","5"
"E01000715","Bromley 012C","31855","10","4594","10","5"
"E01003780","Redbridge 014G","31857","10","4595","10","5"
"E01004114","Sutton 025D","31861","10","4596","10","5"
"E01002825","Kensington and Chelsea 008B","31865","10","4597","10","5"
"E01032576","Harrow 032E","31866","10","4598","10","5"
"E01002929","Kingston upon Thames 007A","31883","10","4599","10","5"
"E01002480","Hillingdon 004D","31890","10","4600","10","5"
"E01001209","Ealing 013A","31898","10","4601","10","5"
"E01001392","Enfield 032A","31901","10","4602","10","5"
"E01004180","Sutton 020D","31905","10","4603","10","5"
"E01002569","Hounslow 001A","31913","10","4604","10","5"
"E01000966","Camden 016D","31927","10","4605","10","5"
"E01002579","Hounslow 008B","31949","10","4606","10","5"
"E01000652","Bromley 022B","31959","10","4607","10","5"
"E01003884","Richmond upon Thames 016C","31965","10","4608","10","5"
"E01003871","Richmond upon Thames 007C","31972","10","4609","10","5"
"E01002967","Kingston upon Thames 009B","31980","10","4610","10","5"
"E01033570","Richmond upon Thames 004G","31988","10","4611","10","5"
"E01003477","Merton 003E","31990","10","4612","10","5"
"E01002920","Kingston upon Thames 014D","31991","10","4613","10","5"
"E01002123","Harrow 007E","31996","10","4614","10","5"
"E01004511","Wandsworth 010B","31997","10","4615","10","5"
"E01002640","Hounslow 012C","32003","10","4616","10","5"
"E01004190","Sutton 008C","32004","10","4617","10","5"
"E01002435","Hillingdon 007C","32007","10","4618","10","5"
"E01000396","Bexley 018C","32015","10","4619","10","5"
"E01002875","Kensington and Chelsea 007E","32018","10","4620","10","5"
"E01001891","Hammersmith and Fulham 018B","32019","10","4621","10","5"
"E01004092","Sutton 022B","32021","10","4622","10","5"
"E01004648","Westminster 002B","32022","10","4623","10","5"
"E01000272","Barnet 008B","32026","10","4624","10","5"
"E01000698","Bromley 010B","32034","10","4625","10","5"
"E01033911","Barnet 017E","32042","10","4626","10","5"
"E01002934","Kingston upon Thames 004B","32049","10","4627","10","5"
"E01003458","Merton 006D","32060","10","4628","10","5"
"E01003838","Richmond upon Thames 022E","32066","10","4629","10","5"
"E01004726","Westminster 003C","32068","10","4630","10","5"
"E01002816","Kensington and Chelsea 011C","32071","10","4631","10","5"
"E01003363","Merton 021B","32092","10","4632","10","5"
"E01000841","Bromley 030H","32106","10","4633","10","5"
"E01003902","Richmond upon Thames 015E","32110","10","4634","10","5"
"E01003364","Merton 021C","32115","10","4635","10","5"
"E01003746","Redbridge 001C","32116","10","4636","10","5"
"E01001526","Enfield 019E","32117","10","4637","10","5"
"E01004106","Sutton 022D","32120","10","4638","10","5"
"E01004133","Sutton 009E","32129","10","4639","10","5"
"E01002019","Haringey 022B","32136","10","4640","10","5"
"E01004660","Westminster 008B","32140","10","4641","10","5"
"E01004543","Wandsworth 027A","32141","10","4642","10","5"
"E01002108","Harrow 008B","32142","10","4643","10","5"
"E01003895","Richmond upon Thames 009D","32149","10","4644","10","5"
"E01033098","Wandsworth 038C","32154","10","4645","10","5"
"E01002156","Harrow 015B","32156","10","4646","10","5"
"E01002271","Havering 015B","32157","10","4647","10","5"
"E01002916","Kingston upon Thames 014B","32160","10","4648","10","5"
"E01004505","Wandsworth 014D","32172","10","4649","10","5"
"E01002137","Harrow 029D","32191","10","4650","10","5"
"E01002978","Kingston upon Thames 015B","32194","10","4651","10","5"
"E01000777","Bromley 024D","32196","10","4652","10","5"
"E01001303","Ealing 032A","32206","10","4653","10","5"
"E01002152","Harrow 006E","32212","10","4654","10","5"
"E01004117","Sutton 006A","32216","10","4655","10","5"
"E01003669","Redbridge 007B","32220","10","4656","10","5"
"E01003877","Richmond upon Thames 008C","32225","10","4657","10","5"
"E01002462","Hillingdon 011D","32232","10","4658","10","5"
"E01000271","Barnet 008A","32234","10","4659","10","5"
"E01002208","Harrow 025A","32236","10","4660","10","5"
"E01002460","Hillingdon 011C","32237","10","4661","10","5"
"E01003830","Richmond upon Thames 020C","32239","10","4662","10","5"
"E01001096","Croydon 037D","32247","10","4663","10","5"
"E01000649","Bromley 007B","32248","10","4664","10","5"
"E01000896","Camden 002D","32250","10","4665","10","5"
"E01004609","Wandsworth 010E","32252","10","4666","10","5"
"E01004724","Westminster 001C","32254","10","4667","10","5"
"E01001279","Ealing 013C","32267","10","4668","10","5"
"E01000200","Barnet 028B","32274","10","4669","10","5"
"E01001532","Enfield 028C","32280","10","4670","10","5"
"E01004478","Wandsworth 017B","32284","10","4671","10","5"
"E01003660","Redbridge 004D","32292","10","4672","10","5"
"E01002195","Harrow 022C","32293","10","4673","10","5"
"E01003466","Merton 020A","32296","10","4674","10","5"
"E01000682","Bromley 035B","32302","10","4675","10","5"
"E01002887","Kensington and Chelsea 010A","32311","10","4676","10","5"
"E01003423","Merton 011E","32313","10","4677","10","5"
"E01000139","Barnet 041B","32321","10","4678","10","5"
"E01002892","Kensington and Chelsea 010E","32324","10","4679","10","5"
"E01003883","Richmond upon Thames 014B","32326","10","4680","10","5"
"E01000233","Barnet 013F","32327","10","4681","10","5"
"E01002112","Harrow 001A","32330","10","4682","10","5"
"E01002836","Kensington and Chelsea 016D","32336","10","4683","10","5"
"E01002109","Harrow 008C","32340","10","4684","10","5"
"E01003807","Richmond upon Thames 005B","32341","10","4685","10","5"
"E01003890","Richmond upon Thames 018C","32342","10","4686","10","5"
"E01003845","Richmond upon Thames 013F","32352","10","4687","10","5"
"E01004555","Wandsworth 017E","32362","10","4688","10","5"
"E01002431","Hillingdon 006C","32364","10","4689","10","5"
"E01002476","Hillingdon 001C","32375","10","4690","10","5"
"E01000894","Camden 002B","32380","10","4691","10","5"
"E01000827","Bromley 021B","32383","10","4692","10","5"
"E01032623","Sutton 025E","32386","10","4693","10","5"
"E01002116","Harrow 002C","32404","10","4694","10","5"
"E01002147","Harrow 004C","32409","10","4695","10","5"
"E01002417","Hillingdon 008B","32410","10","4696","10","5"
"E01000808","Bromley 025A","32418","10","4697","10","5"
"E01002254","Havering 019B","32422","10","4698","10","5"
"E01000763","Bromley 027A","32423","10","4699","10","5"
"E01000813","Bromley 025D","32424","10","4700","10","5"
"E01003823","Richmond upon Thames 023B","32426","10","4701","10","5"
"E01002286","Havering 025C","32429","10","4702","10","5"
"E01000762","Bromley 018D","32431","10","4703","10","5"
"E01004762","Westminster 011E","32433","10","4704","10","5"
"E01002931","Kingston upon Thames 007C","32439","10","4705","10","5"
"E01000182","Barnet 029E","32440","10","4706","10","5"
"E01003896","Richmond upon Thames 014C","32444","10","4707","10","5"
"E01000885","Camden 004E","32446","10","4708","10","5"
"E01004629","Wandsworth 020F","32449","10","4709","10","5"
"E01003837","Richmond upon Thames 022D","32450","10","4710","10","5"
"E01003457","Merton 006C","32460","10","4711","10","5"
"E01002153","Harrow 019A","32461","10","4712","10","5"
"E01004596","Wandsworth 020E","32462","10","4713","10","5"
"E01001453","Enfield 017C","32478","10","4714","10","5"
"E01002917","Kingston upon Thames 014C","32483","10","4715","10","5"
"E01002459","Hillingdon 011B","32487","10","4716","10","5"
"E01003755","Redbridge 023B","32493","10","4717","10","5"
"E01003384","Merton 009E","32495","10","4718","10","5"
"E01001967","Haringey 014A","32503","10","4719","10","5"
"E01001989","Haringey 033D","32506","10","4720","10","5"
"E01003385","Merton 011C","32507","10","4721","10","5"
"E01002146","Harrow 004B","32519","10","4722","10","5"
"E01004084","Sutton 024A","32520","10","4723","10","5"
"E01003804","Richmond upon Thames 005A","32539","10","4724","10","5"
"E01000253","Barnet 007B","32546","10","4725","10","5"
"E01032573","Hounslow 029E","32555","10","4726","10","5"
"E01003425","Merton 015C","32560","10","4727","10","5"
"E01002107","Harrow 012A","32566","10","4728","10","5"
"E01002482","Hillingdon 001E","32567","10","4729","10","5"
"E01004582","Wandsworth 001C","32571","10","4730","10","5"
"E01000002","City of London 001B","32574","10","4731","10","5"
"E01003008","Kingston upon Thames 001C","32577","10","4732","10","5"
"E01000177","Barnet 029A","32599","10","4733","10","5"
"E01002191","Harrow 022A","32600","10","4734","10","5"
"E01000688","Bromley 037E","32601","10","4735","10","5"
"E01004085","Sutton 024B","32602","10","4736","10","5"
"E01002952","Kingston upon Thames 002A","32613","10","4737","10","5"
"E01003462","Merton 002B","32616","10","4738","10","5"
"E01004119","Sutton 009C","32629","10","4739","10","5"
"E01003382","Merton 011B","32632","10","4740","10","5"
"E01003818","Richmond upon Thames 017A","32634","10","4741","10","5"
"E01003886","Richmond upon Thames 021A","32648","10","4742","10","5"
"E01000423","Bexley 025C","32649","10","4743","10","5"
"E01001108","Croydon 035E","32653","10","4744","10","5"
"E01004703","Westminster 007B","32657","10","4745","10","5"
"E01000181","Barnet 029D","32676","10","4746","10","5"
"E01035490","Wandsworth 010H","32678","10","4747","10","5"
"E01004683","Westminster 015B","32682","10","4748","10","5"
"E01002961","Kingston upon Thames 008D","32683","10","4749","10","5"
"E01000897","Camden 008D","32686","10","4750","10","5"
"E01000681","Bromley 035A","32687","10","4751","10","5"
"E01004542","Wandsworth 021D","32690","10","4752","10","5"
"E01000836","Bromley 030C","32694","10","4753","10","5"
"E01003815","Richmond upon Thames 019D","32698","10","4754","10","5"
"E01002253","Havering 019A","32703","10","4755","10","5"
"E01004504","Wandsworth 020C","32722","10","4756","10","5"
"E01000115","Barnet 009A","32730","10","4757","10","5"
"E01000838","Bromley 030E","32732","10","4758","10","5"
"E01001382","Ealing 032B","32741","10","4759","10","5"
"E01001377","Ealing 034B","32742","10","4760","10","5"
"E01002675","Hounslow 009A","32748","10","4761","10","5"
"E01003472","Merton 001A","32750","10","4762","10","5"
"E01002163","Harrow 015D","32756","10","4763","10","5"
"E01003885","Richmond upon Thames 016D","32759","10","4764","10","5"
"E01000793","Bromley 032D","32771","10","4765","10","5"
"E01000680","Bromley 037A","32775","10","4766","10","5"
"E01004074","Southwark 031D","32780","10","4767","10","5"
"E01004594","Wandsworth 020D","32784","10","4768","10","5"
"E01000913","Camden 001E","32788","10","4769","10","5"
"E01003381","Merton 016B","32793","10","4770","10","5"
"E01003360","Merton 006B","32794","10","4771","10","5"
"E01035496","Wandsworth 038A","32799","10","4772","10","5"
"E01001475","Enfield 013D","32800","10","4773","10","5"
"E01001101","Croydon 035B","32801","10","4774","10","5"
"E01002582","Hounslow 008E","32806","10","4775","10","5"
"E01000246","Barnet 002B","32807","10","4776","10","5"
"E01002388","Havering 024C","32808","10","4777","10","5"
"E01003380","Merton 011A","32810","10","4778","10","5"
"E01004554","Wandsworth 009A","32812","10","4779","10","5"
"E01004649","Westminster 001B","32815","10","4780","10","5"
"E01000213","Barnet 033F","32816","10","4781","10","5"
"E01004680","Westminster 015A","32817","10","4782","10","5"
"E01004618","Wandsworth 032D","32818","10","4783","10","5"
"E01000753","Bromley 031A","32820","10","4784","10","5"
"E01000809","Bromley 022D","32827","10","4785","10","5"
"E01004120","Sutton 016D","32828","10","4786","10","5"
"E01002190","Harrow 009D","32830","10","4787","10","5"
"E01003011","Kingston upon Thames 004E","32837","10","4788","10","5"
"E01003745","Redbridge 001B","32838","10","4789","10","5"
"E01001993","Haringey 017C","32845","10","4790","10","5"
"E01002690","Hounslow 007F","32847","10","4791","10","5"
"E01004714","Westminster 011B","32853","10","4792","10","5"
"E01000839","Bromley 030F","32860","10","4793","10","5"
"E01003852","Richmond upon Thames 003A","32861","10","4794","10","5"
"E01003444","Merton 010C","32864","10","4795","10","5"
"E01002573","Hounslow 001C","32865","10","4796","10","5"
"E01003856","Richmond upon Thames 003E","32867","10","4797","10","5"
"E01000666","Bromley 033B","32868","10","4798","10","5"
"E01002257","Havering 019C","32872","10","4799","10","5"
"E01000120","Barnet 009D","32886","10","4800","10","5"
"E01000697","Bromley 007F","32888","10","4801","10","5"
"E01000448","Bexley 023D","32890","10","4802","10","5"
"E01002571","Hounslow 007A","32894","10","4803","10","5"
"E01000249","Barnet 001B","32895","10","4804","10","5"
"E01004602","Wandsworth 010C","32905","10","4805","10","5"
"E01000202","Barnet 028D","32909","10","4806","10","5"
"E01003747","Redbridge 001D","32912","10","4807","10","5"
"E01004502","Wandsworth 020B","32913","10","4808","10","5"
"E01000261","Barnet 017C","32914","10","4809","10","5"
"E01000214","Barnet 038E","32916","10","4810","10","5"
"E01004657","Westminster 012A","32924","10","4811","10","5"
"E01001416","Enfield 013A","32925","10","4812","10","5"
"E01002883","Kensington and Chelsea 006B","32936","10","4813","10","5"
"E01000761","Bromley 034C","32943","10","4814","10","5"
"E01003744","Redbridge 001A","32951","10","4815","10","5"
"E01003910","Richmond upon Thames 011D","32956","10","4816","10","5"
"E01003362","Merton 021A","32960","10","4817","10","5"
"E01004112","Sutton 016C","32961","10","4818","10","5"
"E01002818","Kensington and Chelsea 012A","32963","10","4819","10","5"
"E01000771","Bromley 041C","32966","10","4820","10","5"
"E01003901","Richmond upon Thames 015D","32970","10","4821","10","5"
"E01002889","Kensington and Chelsea 010B","32975","10","4822","10","5"
"E01003813","Richmond upon Thames 019B","32976","10","4823","10","5"
"E01000826","Bromley 021A","32980","10","4824","10","5"
"E01002888","Kensington and Chelsea 013E","32985","10","4825","10","5"
"E01004646","Westminster 002A","32987","10","4826","10","5"
"E01002959","Kingston upon Thames 002E","32993","10","4827","10","5"
"E01001417","Enfield 011B","32999","10","4828","10","5"
"E01004640","Wandsworth 011D","33000","10","4829","10","5"
"E01004507","Wandsworth 014E","33002","10","4830","10","5"
"E01000449","Bexley 023E","33011","10","4831","10","5"
"E01003869","Richmond upon Thames 011B","33014","10","4832","10","5"
"E01002983","Kingston upon Thames 015E","33016","10","4833","10","5"
"E01000772","Bromley 012E","33020","10","4834","10","5"
"E01004387","Waltham Forest 007E","33022","10","4835","10","5"
"E01003859","Richmond upon Thames 005E","33025","10","4836","10","5"
"E01002158","Harrow 019D","33031","10","4837","10","5"
"E01000884","Camden 004D","33038","10","4838","10","5"
"E01002951","Kingston upon Thames 003C","33040","10","4839","10","5"
"E01003882","Richmond upon Thames 014A","33046","10","4840","10","5"
"E01001531","Enfield 028B","33053","10","4841","10","5"
"E01004713","Westminster 011A","33058","10","4842","10","5"
"E01003860","Richmond upon Thames 002E","33059","10","4843","10","5"
"E01002835","Kensington and Chelsea 016C","33060","10","4844","10","5"
"E01002924","Kingston upon Thames 014E","33067","10","4845","10","5"
"E01004638","Wandsworth 011B","33072","10","4846","10","5"
"E01003825","Richmond upon Thames 023D","33075","10","4847","10","5"
"E01000696","Bromley 007E","33078","10","4848","10","5"
"E01004716","Westminster 011C","33080","10","4849","10","5"
"E01004607","Wandsworth 006D","33081","10","4850","10","5"
"E01003889","Richmond upon Thames 021D","33082","10","4851","10","5"
"E01003864","Richmond upon Thames 002F","33083","10","4852","10","5"
"E01002896","Kensington and Chelsea 020C","33086","10","4853","10","5"
"E01002898","Kensington and Chelsea 017E","33098","10","4854","10","5"
"E01000695","Bromley 007D","33100","10","4855","10","5"
"E01000758","Bromley 031E","33106","10","4856","10","5"
"E01000001","City of London 001A","33108","10","4857","10","5"
"E01001927","Hammersmith and Fulham 008C","33112","10","4858","10","5"
"E01002194","Harrow 022B","33122","10","4859","10","5"
"E01004692","Westminster 019F","33126","10","4860","10","5"
"E01001916","Hammersmith and Fulham 024B","33135","10","4861","10","5"
"E01003875","Richmond upon Thames 006C","33136","10","4862","10","5"
"E01001568","Enfield 022D","33151","10","4863","10","5"
"E01001375","Ealing 034A","33161","10","4864","10","5"
"E01000209","Barnet 035B","33163","10","4865","10","5"
"E01000684","Bromley 035D","33168","10","4866","10","5"
"E01000707","Bromley 041A","33171","10","4867","10","5"
"E01000759","Bromley 034A","33172","10","4868","10","5"
"E01000254","Barnet 001D","33178","10","4869","10","5"
"E01002960","Kingston upon Thames 006B","33182","10","4870","10","5"
"E01004730","Westminster 001D","33183","10","4871","10","5"
"E01002911","Kensington and Chelsea 019D","33184","10","4872","10","5"
"E01003403","Merton 004C","33194","10","4873","10","5"
"E01000834","Bromley 027E","33199","10","4874","10","5"
"E01000283","Barnet 012C","33200","10","4875","10","5"
"E01003868","Richmond upon Thames 007B","33207","10","4876","10","5"
"E01000293","Barnet 001F","33225","10","4877","10","5"
"E01001992","Haringey 017B","33227","10","4878","10","5"
"E01002871","Kensington and Chelsea 007B","33233","10","4879","10","5"
"E01002201","Harrow 012D","33236","10","4880","10","5"
"E01001456","Enfield 022A","33247","10","4881","10","5"
"E01002817","Kensington and Chelsea 011D","33248","10","4882","10","5"
"E01003464","Merton 002C","33250","10","4883","10","5"
"E01000773","Bromley 024B","33256","10","4884","10","5"
"E01002390","Havering 024E","33260","10","4885","10","5"
"E01002149","Harrow 004D","33262","10","4886","10","5"
"E01003365","Merton 021D","33263","10","4887","10","5"
"E01003891","Richmond upon Thames 018D","33265","10","4888","10","5"
"E01002813","Kensington and Chelsea 011A","33266","10","4889","10","5"
"E01000210","Barnet 033E","33269","10","4890","10","5"
"E01002837","Kensington and Chelsea 016E","33272","10","4891","10","5"
"E01003473","Merton 001B","33273","10","4892","10","5"
"E01003402","Merton 004B","33275","10","4893","10","5"
"E01000136","Barnet 038B","33277","10","4894","10","5"
"E01000756","Bromley 033D","33278","10","4895","10","5"
"E01000199","Barnet 025B","33284","10","4896","10","5"
"E01000205","Barnet 035A","33297","10","4897","10","5"
"E01002387","Havering 024B","33301","10","4898","10","5"
"E01000206","Barnet 033B","33306","10","4899","10","5"
"E01000667","Bromley 033C","33308","10","4900","10","5"
"E01002891","Kensington and Chelsea 010D","33314","10","4901","10","5"
"E01003442","Merton 010A","33315","10","4902","10","5"
"E01003857","Richmond upon Thames 003F","33319","10","4903","10","5"
"E01003872","Richmond upon Thames 007D","33321","10","4904","10","5"
"E01000767","Bromley 027D","33323","10","4905","10","5"
"E01002819","Kensington and Chelsea 012B","33331","10","4906","10","5"
"E01004075","Southwark 031E","33335","10","4907","10","5"
"E01000810","Bromley 025B","33344","10","4908","10","5"
"E01004727","Westminster 008D","33345","10","4909","10","5"
"E01001224","Ealing 019B","33347","10","4910","10","5"
"E01000280","Barnet 007D","33352","10","4911","10","5"
"E01004069","Southwark 031A","33357","10","4912","10","5"
"E01000276","Barnet 020A","33359","10","4913","10","5"
"E01000263","Barnet 016C","33360","10","4914","10","5"
"E01003443","Merton 010B","33375","10","4915","10","5"
"E01004599","Wandsworth 025E","33383","10","4916","10","5"
"E01003881","Richmond upon Thames 016B","33387","10","4917","10","5"
"E01000670","Bromley 018A","33390","10","4918","10","5"
"E01003858","Richmond upon Thames 003G","33398","10","4919","10","5"
"E01004650","Westminster 002C","33402","10","4920","10","5"
"E01000278","Barnet 020B","33407","10","4921","10","5"
"E01003358","Merton 009C","33411","10","4922","10","5"
"E01003835","Richmond upon Thames 022B","33420","10","4923","10","5"
"E01002196","Harrow 022D","33424","10","4924","10","5"
"E01003880","Richmond upon Thames 016A","33444","10","4925","10","5"
"E01004691","Westminster 019E","33448","10","4926","10","5"
"E01003849","Richmond upon Thames 002C","33449","10","4927","10","5"
"E01002914","Kensington and Chelsea 019E","33451","10","4928","10","5"
"E01003893","Richmond upon Thames 009B","33471","10","4929","10","5"
"E01000207","Barnet 033C","33474","10","4930","10","5"
"E01000201","Barnet 028C","33475","10","4931","10","5"
"E01004604","Wandsworth 006A","33476","10","4932","10","5"
"E01003894","Richmond upon Thames 009C","33486","10","4933","10","5"
"E01003847","Richmond upon Thames 002B","33487","10","4934","10","5"
"E01003808","Richmond upon Thames 005C","33491","10","4935","10","5"
"E01003892","Richmond upon Thames 009A","33494","10","4936","10","5"
"E01003874","Richmond upon Thames 006B","33500","10","4937","10","5"
"E01002025","Haringey 021D","33505","10","4938","10","5"
"E01002188","Harrow 016A","33507","10","4939","10","5"
"E01003463","Merton 010E","33509","10","4940","10","5"
"E01000645","Bromley 007A","33523","10","4941","10","5"
"E01003797","Richmond upon Thames 001A","33524","10","4942","10","5"
"E01001379","Ealing 034C","33525","10","4943","10","5"
"E01002008","Haringey 030B","33538","10","4944","10","5"
"E01003461","Merton 004E","33541","10","4945","10","5"
"E01002860","Kensington and Chelsea 012D","33543","10","4946","10","5"
"E01004477","Wandsworth 017A","33545","10","4947","10","5"
"E01004690","Westminster 019D","33546","10","4948","10","5"
"E01003873","Richmond upon Thames 006A","33553","10","4949","10","5"
"E01000770","Bromley 012D","33565","10","4950","10","5"
"E01000899","Camden 002E","33572","10","4951","10","5"
"E01000814","Bromley 028E","33577","10","4952","10","5"
"E01002890","Kensington and Chelsea 010C","33581","10","4953","10","5"
"E01003870","Richmond upon Thames 011C","33593","10","4954","10","5"
"E01000208","Barnet 033D","33596","10","4955","10","5"
"E01003879","Richmond upon Thames 008D","33597","10","4956","10","5"
"E01000766","Bromley 027C","33602","10","4957","10","5"
"E01000757","Bromley 031D","33610","10","4958","10","5"
"E01002864","Kensington and Chelsea 009A","33615","10","4959","10","5"
"E01000175","Barnet 006E","33618","10","4960","10","5"
"E01003851","Richmond upon Thames 002D","33625","10","4961","10","5"
"E01003822","Richmond upon Thames 023A","33629","10","4962","10","5"
"E01003801","Richmond upon Thames 001E","33630","10","4963","10","5"
"E01001422","Enfield 011D","33634","10","4964","10","5"
"E01004625","Wandsworth 027E","33635","10","4965","10","5"
"E01000279","Barnet 007C","33636","10","4966","10","5"
"E01003474","Merton 001C","33637","10","4967","10","5"
"E01002900","Kensington and Chelsea 018B","33638","10","4968","10","5"
"E01000830","Bromley 021C","33639","10","4969","10","5"
"E01003424","Merton 015B","33641","10","4970","10","5"
"E01004687","Westminster 019A","33643","10","4971","10","5"
"E01002824","Kensington and Chelsea 008A","33649","10","4972","10","5"
"E01000833","Bromley 021E","33651","10","4973","10","5"
"E01003866","Richmond upon Thames 007A","33656","10","4974","10","5"
"E01002859","Kensington and Chelsea 012C","33666","10","4975","10","5"
"E01003887","Richmond upon Thames 021B","33668","10","4976","10","5"
"E01002863","Kensington and Chelsea 012E","33669","10","4977","10","5"
"E01003802","Richmond upon Thames 001F","33680","10","4978","10","5"
"E01002865","Kensington and Chelsea 011E","33685","10","4979","10","5"
"E01035713","Kensington and Chelsea 016F","33686","10","4980","10","5"
"E01003821","Richmond upon Thames 008A","33687","10","4981","10","5"
"E01003806","Richmond upon Thames 012B","33691","10","4982","10","5"
"E01003876","Richmond upon Thames 008B","33692","10","4983","10","5"
"E01000815","Bromley 025E","33698","10","4984","10","5"
"E01003809","Richmond upon Thames 005D","33704","10","4985","10","5"
"E01002827","Kensington and Chelsea 008D","33706","10","4986","10","5"
"E01003799","Richmond upon Thames 001C","33722","10","4987","10","5"
"E01003846","Richmond upon Thames 002A","33724","10","4988","10","5"
"E01003465","Merton 002D","33738","10","4989","10","5"
"E01035718","Westminster 019G","33740","10","4990","10","5"
"E01035714","Kensington and Chelsea 020F","33744","10","4991","10","5"
"E01003805","Richmond upon Thames 012A","33747","10","4992","10","5"
"E01002903","Kensington and Chelsea 018E","33751","10","4993","10","5"
"E01002868","Kensington and Chelsea 009D","33752","10","4994","10","5"
"","","","","","",""
"Note: ","","","","","",""
"Data source: English indices of deprivation 2025, Ministry of Housing, Communities and Local Government","","","","","",""
"Chart source: London's Poverty Profile 2025","","","","","",""
"London's Poverty Profile is created by charitable funder Trust for London, and economic and public policy consultancy, WPI Economics","","","","","",""
"http://www.trustforlondon.org.uk/data","","","","","",""
"","","","","","",""
